delivery_item_id,delivery_id,po_item_id,product_id,quantity
DELI0000001,DEL000001,POI000001,PROD047,154
DELI0000002,DEL000002,POI000002,PROD040,32
DELI0000003,DEL000003,POI000002,PROD040,28
DELI0000004,DEL000004,POI000002,PROD040,18
DELI0000005,DEL000005,POI000003,PROD005,70
DELI0000006,DEL000005,POI000004,PROD047,59
DELI0000007,DEL000006,POI000005,PROD018,129
DELI0000008,DEL000006,POI000006,PROD044,165
DELI0000009,DEL000006,POI000007,PROD004,82
DELI0000010,DEL000007,POI000008,PROD031,119
DELI0000011,DEL000008,POI000008,PROD031,84
DELI0000012,DEL000009,POI000009,PROD035,37
DELI0000013,DEL000009,POI000010,PROD041,71
DELI0000014,DEL000010,POI000009,PROD035,13
DELI0000015,DEL000010,POI000010,PROD041,17
DELI0000016,DEL000011,POI000009,PROD035,12
DELI0000017,DEL000011,POI000010,PROD041,34
DELI0000018,DEL000012,POI000011,PROD020,99
DELI0000019,DEL000012,POI000012,PROD021,161
DELI0000020,DEL000013,POI000013,PROD031,49
DELI0000021,DEL000014,POI000013,PROD031,101
DELI0000022,DEL000015,POI000014,PROD033,142
DELI0000023,DEL000015,POI000015,PROD048,185
DELI0000024,DEL000016,POI000016,PROD006,41
DELI0000025,DEL000016,POI000017,PROD023,201
DELI0000026,DEL000017,POI000018,PROD022,170
DELI0000027,DEL000017,POI000019,PROD041,97
DELI0000028,DEL000018,POI000020,PROD030,95
DELI0000029,DEL000019,POI000020,PROD030,29
DELI0000030,DEL000020,POI000020,PROD030,65
DELI0000031,DEL000021,POI000021,PROD021,174
DELI0000032,DEL000022,POI000022,PROD045,107
DELI0000033,DEL000023,POI000022,PROD045,18
DELI0000034,DEL000024,POI000022,PROD045,34
DELI0000035,DEL000025,POI000023,PROD028,29
DELI0000036,DEL000025,POI000024,PROD013,77
DELI0000037,DEL000026,POI000023,PROD028,23
DELI0000038,DEL000026,POI000024,PROD013,82
DELI0000039,DEL000027,POI000023,PROD028,23
DELI0000040,DEL000027,POI000024,PROD013,60
DELI0000041,DEL000028,POI000025,PROD022,23
DELI0000042,DEL000029,POI000025,PROD022,21
DELI0000043,DEL000030,POI000025,PROD022,11
DELI0000044,DEL000031,POI000026,PROD016,35
DELI0000045,DEL000032,POI000026,PROD016,31
DELI0000046,DEL000033,POI000027,PROD043,181
DELI0000047,DEL000033,POI000028,PROD006,159
DELI0000048,DEL000034,POI000029,PROD017,116
DELI0000049,DEL000035,POI000029,PROD017,36
DELI0000050,DEL000036,POI000029,PROD017,55
DELI0000051,DEL000037,POI000030,PROD048,198
DELI0000052,DEL000038,POI000031,PROD009,62
DELI0000053,DEL000039,POI000031,PROD009,76
DELI0000054,DEL000040,POI000031,PROD009,66
DELI0000055,DEL000041,POI000032,PROD005,68
DELI0000056,DEL000042,POI000032,PROD005,33
DELI0000057,DEL000043,POI000032,PROD005,71
DELI0000058,DEL000044,POI000033,PROD032,59
DELI0000059,DEL000045,POI000034,PROD006,109
DELI0000060,DEL000045,POI000035,PROD030,92
DELI0000061,DEL000046,POI000034,PROD006,59
DELI0000062,DEL000046,POI000035,PROD030,21
DELI0000063,DEL000047,POI000034,PROD006,48
DELI0000064,DEL000047,POI000035,PROD030,31
DELI0000065,DEL000048,POI000036,PROD008,41
DELI0000066,DEL000049,POI000036,PROD008,59
DELI0000067,DEL000050,POI000037,PROD041,41
DELI0000068,DEL000050,POI000038,PROD029,125
DELI0000069,DEL000051,POI000037,PROD041,37
DELI0000070,DEL000051,POI000038,PROD029,30
DELI0000071,DEL000052,POI000037,PROD041,21
DELI0000072,DEL000052,POI000038,PROD029,57
DELI0000073,DEL000053,POI000039,PROD021,82
DELI0000074,DEL000054,POI000039,PROD021,20
DELI0000075,DEL000055,POI000039,PROD021,32
DELI0000076,DEL000056,POI000040,PROD043,87
DELI0000077,DEL000057,POI000040,PROD043,54
DELI0000078,DEL000058,POI000041,PROD015,181
DELI0000079,DEL000059,POI000042,PROD040,72
DELI0000080,DEL000060,POI000042,PROD040,99
DELI0000081,DEL000061,POI000043,PROD045,118
DELI0000082,DEL000062,POI000044,PROD002,69
DELI0000083,DEL000062,POI000045,PROD042,54
DELI0000084,DEL000063,POI000044,PROD002,27
DELI0000085,DEL000063,POI000045,PROD042,64
DELI0000086,DEL000064,POI000044,PROD002,30
DELI0000087,DEL000064,POI000045,PROD042,39
DELI0000088,DEL000065,POI000046,PROD017,59
DELI0000089,DEL000065,POI000047,PROD024,58
DELI0000090,DEL000066,POI000046,PROD017,19
DELI0000091,DEL000066,POI000047,PROD024,38
DELI0000092,DEL000067,POI000046,PROD017,16
DELI0000093,DEL000067,POI000047,PROD024,76
DELI0000094,DEL000068,POI000048,PROD036,97
DELI0000095,DEL000068,POI000049,PROD048,26
DELI0000096,DEL000069,POI000048,PROD036,50
DELI0000097,DEL000069,POI000049,PROD048,10
DELI0000098,DEL000070,POI000048,PROD036,32
DELI0000099,DEL000070,POI000049,PROD048,6
DELI0000100,DEL000071,POI000050,PROD003,47
DELI0000101,DEL000071,POI000051,PROD025,60
DELI0000102,DEL000072,POI000052,PROD020,186
DELI0000103,DEL000072,POI000053,PROD037,172
DELI0000104,DEL000073,POI000054,PROD029,150
DELI0000105,DEL000074,POI000055,PROD032,49
DELI0000106,DEL000074,POI000056,PROD036,61
DELI0000107,DEL000075,POI000055,PROD032,24
DELI0000108,DEL000075,POI000056,PROD036,85
DELI0000109,DEL000076,POI000057,PROD046,72
DELI0000110,DEL000077,POI000057,PROD046,137
DELI0000111,DEL000078,POI000058,PROD034,181
DELI0000112,DEL000078,POI000059,PROD032,149
DELI0000113,DEL000079,POI000060,PROD005,25
DELI0000114,DEL000079,POI000061,PROD048,70
DELI0000115,DEL000080,POI000060,PROD005,21
DELI0000116,DEL000080,POI000061,PROD048,55
DELI0000117,DEL000081,POI000062,PROD035,58
DELI0000118,DEL000081,POI000063,PROD045,68
DELI0000119,DEL000082,POI000062,PROD035,59
DELI0000120,DEL000082,POI000063,PROD045,66
DELI0000121,DEL000083,POI000064,PROD039,128
DELI0000122,DEL000084,POI000065,PROD021,63
DELI0000123,DEL000085,POI000065,PROD021,19
DELI0000124,DEL000086,POI000065,PROD021,18
DELI0000125,DEL000087,POI000066,PROD031,99
DELI0000126,DEL000088,POI000066,PROD031,120
DELI0000127,DEL000089,POI000067,PROD024,24
DELI0000128,DEL000089,POI000068,PROD014,55
DELI0000129,DEL000090,POI000067,PROD024,27
DELI0000130,DEL000090,POI000068,PROD014,28
DELI0000131,DEL000091,POI000067,PROD024,18
DELI0000132,DEL000091,POI000068,PROD014,32
DELI0000133,DEL000092,POI000069,PROD025,25
DELI0000134,DEL000093,POI000069,PROD025,23
DELI0000135,DEL000094,POI000070,PROD043,68
DELI0000136,DEL000095,POI000070,PROD043,86
DELI0000137,DEL000096,POI000071,PROD035,86
DELI0000138,DEL000097,POI000071,PROD035,25
DELI0000139,DEL000098,POI000071,PROD035,24
DELI0000140,DEL000099,POI000072,PROD020,110
DELI0000141,DEL000100,POI000073,PROD043,52
DELI0000142,DEL000101,POI000073,PROD043,43
DELI0000143,DEL000102,POI000074,PROD036,93
DELI0000144,DEL000102,POI000075,PROD032,96
DELI0000145,DEL000103,POI000074,PROD036,64
DELI0000146,DEL000103,POI000075,PROD032,106
DELI0000147,DEL000104,POI000076,PROD029,67
DELI0000148,DEL000105,POI000077,PROD015,60
DELI0000149,DEL000106,POI000077,PROD015,37
DELI0000150,DEL000107,POI000077,PROD015,34
DELI0000151,DEL000108,POI000078,PROD019,29
DELI0000152,DEL000109,POI000078,PROD019,20
DELI0000153,DEL000110,POI000079,PROD012,14
DELI0000154,DEL000110,POI000080,PROD030,26
DELI0000155,DEL000111,POI000079,PROD012,34
DELI0000156,DEL000111,POI000080,PROD030,32
DELI0000157,DEL000112,POI000081,PROD046,88
DELI0000158,DEL000113,POI000081,PROD046,35
DELI0000159,DEL000114,POI000081,PROD046,70
DELI0000160,DEL000115,POI000082,PROD033,117
DELI0000161,DEL000115,POI000083,PROD005,81
DELI0000162,DEL000116,POI000082,PROD033,102
DELI0000163,DEL000116,POI000083,PROD005,98
DELI0000164,DEL000117,POI000084,PROD020,105
DELI0000165,DEL000117,POI000085,PROD042,103
DELI0000166,DEL000118,POI000086,PROD047,78
DELI0000167,DEL000119,POI000086,PROD047,61
DELI0000168,DEL000120,POI000086,PROD047,60
DELI0000169,DEL000121,POI000087,PROD015,119
DELI0000170,DEL000121,POI000088,PROD028,50
DELI0000171,DEL000122,POI000087,PROD015,74
DELI0000172,DEL000122,POI000088,PROD028,33
DELI0000173,DEL000123,POI000089,PROD015,29
DELI0000174,DEL000124,POI000089,PROD015,28
DELI0000175,DEL000125,POI000089,PROD015,29
DELI0000176,DEL000126,POI000090,PROD033,19
DELI0000177,DEL000127,POI000090,PROD033,28
DELI0000178,DEL000128,POI000091,PROD002,60
DELI0000179,DEL000128,POI000092,PROD008,83
DELI0000180,DEL000128,POI000093,PROD043,63
DELI0000181,DEL000129,POI000091,PROD002,141
DELI0000182,DEL000129,POI000092,PROD008,82
DELI0000183,DEL000129,POI000093,PROD043,65
DELI0000184,DEL000130,POI000094,PROD017,135
DELI0000185,DEL000131,POI000095,PROD048,173
DELI0000186,DEL000132,POI000096,PROD014,148
DELI0000187,DEL000133,POI000097,PROD048,37
DELI0000188,DEL000134,POI000097,PROD048,22
DELI0000189,DEL000135,POI000098,PROD002,108
DELI0000190,DEL000136,POI000098,PROD002,58
DELI0000191,DEL000137,POI000098,PROD002,35
DELI0000192,DEL000138,POI000099,PROD004,40
DELI0000193,DEL000139,POI000099,PROD004,92
DELI0000194,DEL000140,POI000100,PROD040,188
DELI0000195,DEL000141,POI000101,PROD046,160
DELI0000196,DEL000141,POI000102,PROD039,164
DELI0000197,DEL000142,POI000103,PROD039,109
DELI0000198,DEL000143,POI000104,PROD007,169
DELI0000199,DEL000144,POI000105,PROD016,25
DELI0000200,DEL000145,POI000105,PROD016,24
DELI0000201,DEL000146,POI000106,PROD038,43
DELI0000202,DEL000147,POI000106,PROD038,33
DELI0000203,DEL000148,POI000106,PROD038,66
DELI0000204,DEL000149,POI000107,PROD032,66
DELI0000205,DEL000150,POI000108,PROD041,39
DELI0000206,DEL000151,POI000108,PROD041,20
DELI0000207,DEL000152,POI000108,PROD041,19
DELI0000208,DEL000153,POI000109,PROD044,183
DELI0000209,DEL000153,POI000110,PROD041,40
DELI0000210,DEL000154,POI000111,PROD014,95
DELI0000211,DEL000155,POI000111,PROD014,54
DELI0000212,DEL000156,POI000111,PROD014,58
DELI0000213,DEL000157,POI000112,PROD036,40
DELI0000214,DEL000157,POI000113,PROD040,26
DELI0000215,DEL000157,POI000114,PROD006,16
DELI0000216,DEL000158,POI000112,PROD036,23
DELI0000217,DEL000158,POI000113,PROD040,13
DELI0000218,DEL000158,POI000114,PROD006,13
DELI0000219,DEL000159,POI000112,PROD036,36
DELI0000220,DEL000159,POI000113,PROD040,30
DELI0000221,DEL000159,POI000114,PROD006,15
DELI0000222,DEL000160,POI000115,PROD002,82
DELI0000223,DEL000161,POI000116,PROD005,78
DELI0000224,DEL000162,POI000116,PROD005,39
DELI0000225,DEL000163,POI000116,PROD005,33
DELI0000226,DEL000164,POI000117,PROD011,35
DELI0000227,DEL000164,POI000118,PROD010,117
DELI0000228,DEL000165,POI000117,PROD011,15
DELI0000229,DEL000165,POI000118,PROD010,25
DELI0000230,DEL000166,POI000117,PROD011,9
DELI0000231,DEL000166,POI000118,PROD010,51
DELI0000232,DEL000167,POI000119,PROD023,114
DELI0000233,DEL000168,POI000120,PROD017,117
DELI0000234,DEL000169,POI000120,PROD017,57
DELI0000235,DEL000170,POI000121,PROD028,44
DELI0000236,DEL000171,POI000121,PROD028,84
DELI0000237,DEL000172,POI000122,PROD038,71
DELI0000238,DEL000173,POI000122,PROD038,36
DELI0000239,DEL000174,POI000123,PROD019,65
DELI0000240,DEL000175,POI000123,PROD019,70
DELI0000241,DEL000176,POI000124,PROD021,79
DELI0000242,DEL000177,POI000124,PROD021,128
DELI0000243,DEL000178,POI000125,PROD034,14
DELI0000244,DEL000178,POI000126,PROD025,50
DELI0000245,DEL000179,POI000125,PROD034,11
DELI0000246,DEL000179,POI000126,PROD025,52
DELI0000247,DEL000180,POI000125,PROD034,15
DELI0000248,DEL000180,POI000126,PROD025,37
DELI0000249,DEL000181,POI000127,PROD015,74
DELI0000250,DEL000181,POI000128,PROD039,93
DELI0000251,DEL000181,POI000129,PROD008,51
DELI0000252,DEL000182,POI000127,PROD015,34
DELI0000253,DEL000182,POI000128,PROD039,18
DELI0000254,DEL000182,POI000129,PROD008,29
DELI0000255,DEL000183,POI000127,PROD015,17
DELI0000256,DEL000183,POI000128,PROD039,23
DELI0000257,DEL000183,POI000129,PROD008,21
DELI0000258,DEL000184,POI000130,PROD037,80
DELI0000259,DEL000185,POI000130,PROD037,50
DELI0000260,DEL000186,POI000130,PROD037,40
DELI0000261,DEL000187,POI000131,PROD033,30
DELI0000262,DEL000188,POI000131,PROD033,29
DELI0000263,DEL000189,POI000131,PROD033,16
DELI0000264,DEL000190,POI000132,PROD007,66
DELI0000265,DEL000191,POI000132,PROD007,78
DELI0000266,DEL000192,POI000133,PROD020,84
DELI0000267,DEL000193,POI000133,PROD020,113
DELI0000268,DEL000194,POI000134,PROD012,185
DELI0000269,DEL000195,POI000135,PROD007,122
DELI0000270,DEL000196,POI000135,PROD007,51
DELI0000271,DEL000197,POI000135,PROD007,46
DELI0000272,DEL000198,POI000136,PROD029,142
DELI0000273,DEL000199,POI000137,PROD029,59
DELI0000274,DEL000200,POI000137,PROD029,71
DELI0000275,DEL000201,POI000137,PROD029,35
DELI0000276,DEL000202,POI000138,PROD002,88
DELI0000277,DEL000203,POI000139,PROD046,91
DELI0000278,DEL000204,POI000139,PROD046,40
DELI0000279,DEL000205,POI000140,PROD019,132
DELI0000280,DEL000205,POI000141,PROD010,58
DELI0000281,DEL000206,POI000140,PROD019,83
DELI0000282,DEL000206,POI000141,PROD010,35
DELI0000283,DEL000207,POI000142,PROD039,174
DELI0000284,DEL000208,POI000143,PROD002,57
DELI0000285,DEL000209,POI000144,PROD019,69
DELI0000286,DEL000210,POI000144,PROD019,63
DELI0000287,DEL000211,POI000144,PROD019,61
DELI0000288,DEL000212,POI000145,PROD047,86
DELI0000289,DEL000213,POI000146,PROD037,29
DELI0000290,DEL000214,POI000146,PROD037,50
DELI0000291,DEL000215,POI000147,PROD003,193
DELI0000292,DEL000216,POI000148,PROD027,133
DELI0000293,DEL000216,POI000149,PROD045,115
DELI0000294,DEL000216,POI000150,PROD044,38
DELI0000295,DEL000217,POI000148,PROD027,79
DELI0000296,DEL000217,POI000149,PROD045,82
DELI0000297,DEL000217,POI000150,PROD044,87
DELI0000298,DEL000218,POI000151,PROD017,37
DELI0000299,DEL000219,POI000151,PROD017,54
DELI0000300,DEL000220,POI000152,PROD014,89
DELI0000301,DEL000221,POI000152,PROD014,72
DELI0000302,DEL000222,POI000153,PROD036,73
DELI0000303,DEL000222,POI000154,PROD048,97
DELI0000304,DEL000222,POI000155,PROD032,46
DELI0000305,DEL000223,POI000153,PROD036,118
DELI0000306,DEL000223,POI000154,PROD048,111
DELI0000307,DEL000223,POI000155,PROD032,79
DELI0000308,DEL000224,POI000156,PROD044,69
DELI0000309,DEL000224,POI000157,PROD027,45
DELI0000310,DEL000225,POI000156,PROD044,35
DELI0000311,DEL000225,POI000157,PROD027,89
DELI0000312,DEL000226,POI000158,PROD026,23
DELI0000313,DEL000227,POI000158,PROD026,35
DELI0000314,DEL000228,POI000158,PROD026,17
DELI0000315,DEL000229,POI000159,PROD042,52
DELI0000316,DEL000230,POI000159,PROD042,46
DELI0000317,DEL000231,POI000160,PROD021,83
DELI0000318,DEL000231,POI000161,PROD022,84
DELI0000319,DEL000231,POI000162,PROD020,76
DELI0000320,DEL000232,POI000160,PROD021,100
DELI0000321,DEL000232,POI000161,PROD022,111
DELI0000322,DEL000232,POI000162,PROD020,84
DELI0000323,DEL000233,POI000163,PROD003,50
DELI0000324,DEL000234,POI000163,PROD003,46
DELI0000325,DEL000235,POI000163,PROD003,43
DELI0000326,DEL000236,POI000164,PROD047,206
DELI0000327,DEL000237,POI000165,PROD005,63
DELI0000328,DEL000238,POI000165,PROD005,142
DELI0000329,DEL000239,POI000166,PROD028,55
DELI0000330,DEL000240,POI000166,PROD028,68
DELI0000331,DEL000241,POI000167,PROD034,42
DELI0000332,DEL000242,POI000167,PROD034,24
DELI0000333,DEL000243,POI000168,PROD017,61
DELI0000334,DEL000244,POI000169,PROD024,128
DELI0000335,DEL000245,POI000169,PROD024,75
DELI0000336,DEL000246,POI000170,PROD032,94
DELI0000337,DEL000247,POI000170,PROD032,115
DELI0000338,DEL000248,POI000171,PROD031,90
DELI0000339,DEL000249,POI000171,PROD031,44
DELI0000340,DEL000250,POI000172,PROD035,27
DELI0000341,DEL000250,POI000173,PROD001,152
DELI0000342,DEL000251,POI000172,PROD035,15
DELI0000343,DEL000251,POI000173,PROD001,27
DELI0000344,DEL000252,POI000172,PROD035,12
DELI0000345,DEL000252,POI000173,PROD001,39
DELI0000346,DEL000253,POI000174,PROD039,27
DELI0000347,DEL000253,POI000175,PROD024,19
DELI0000348,DEL000254,POI000174,PROD039,12
DELI0000349,DEL000254,POI000175,PROD024,8
DELI0000350,DEL000255,POI000174,PROD039,22
DELI0000351,DEL000255,POI000175,PROD024,13
DELI0000352,DEL000256,POI000176,PROD025,113
DELI0000353,DEL000257,POI000176,PROD025,54
DELI0000354,DEL000258,POI000177,PROD009,96
DELI0000355,DEL000259,POI000177,PROD009,39
DELI0000356,DEL000260,POI000177,PROD009,78
DELI0000357,DEL000261,POI000178,PROD008,73
DELI0000358,DEL000262,POI000178,PROD008,117
DELI0000359,DEL000263,POI000179,PROD010,82
DELI0000360,DEL000263,POI000180,PROD005,103
DELI0000361,DEL000264,POI000181,PROD027,107
DELI0000362,DEL000265,POI000181,PROD027,51
DELI0000363,DEL000266,POI000182,PROD015,44
DELI0000364,DEL000267,POI000182,PROD015,35
DELI0000365,DEL000268,POI000182,PROD015,39
DELI0000366,DEL000269,POI000183,PROD035,208
DELI0000367,DEL000269,POI000184,PROD002,187
DELI0000368,DEL000270,POI000185,PROD041,22
DELI0000369,DEL000271,POI000185,PROD041,35
DELI0000370,DEL000272,POI000186,PROD016,123
DELI0000371,DEL000273,POI000186,PROD016,43
DELI0000372,DEL000274,POI000186,PROD016,35
DELI0000373,DEL000275,POI000187,PROD020,81
DELI0000374,DEL000275,POI000188,PROD041,87
DELI0000375,DEL000276,POI000187,PROD020,131
DELI0000376,DEL000276,POI000188,PROD041,60
DELI0000377,DEL000277,POI000189,PROD024,174
DELI0000378,DEL000277,POI000190,PROD047,171
DELI0000379,DEL000278,POI000191,PROD008,99
DELI0000380,DEL000278,POI000192,PROD002,135
DELI0000381,DEL000279,POI000193,PROD032,66
DELI0000382,DEL000279,POI000194,PROD040,110
DELI0000383,DEL000280,POI000195,PROD029,20
DELI0000384,DEL000280,POI000196,PROD003,36
DELI0000385,DEL000281,POI000195,PROD029,14
DELI0000386,DEL000281,POI000196,PROD003,18
DELI0000387,DEL000282,POI000195,PROD029,18
DELI0000388,DEL000282,POI000196,PROD003,29
DELI0000389,DEL000283,POI000197,PROD005,20
DELI0000390,DEL000283,POI000198,PROD017,65
DELI0000391,DEL000284,POI000197,PROD005,14
DELI0000392,DEL000284,POI000198,PROD017,35
DELI0000393,DEL000285,POI000197,PROD005,8
DELI0000394,DEL000285,POI000198,PROD017,18
DELI0000395,DEL000286,POI000199,PROD034,21
DELI0000396,DEL000287,POI000199,PROD034,21
DELI0000397,DEL000288,POI000200,PROD036,23
DELI0000398,DEL000289,POI000200,PROD036,19
DELI0000399,DEL000290,POI000200,PROD036,10
DELI0000400,DEL000291,POI000201,PROD043,80
DELI0000401,DEL000292,POI000202,PROD017,160
DELI0000402,DEL000293,POI000203,PROD019,37
DELI0000403,DEL000294,POI000203,PROD019,22
DELI0000404,DEL000295,POI000203,PROD019,34
DELI0000405,DEL000296,POI000204,PROD022,119
DELI0000406,DEL000296,POI000205,PROD021,26
DELI0000407,DEL000297,POI000204,PROD022,72
DELI0000408,DEL000297,POI000205,PROD021,52
DELI0000409,DEL000298,POI000206,PROD026,40
DELI0000410,DEL000299,POI000206,PROD026,33
DELI0000411,DEL000300,POI000207,PROD008,40
DELI0000412,DEL000301,POI000207,PROD008,20
DELI0000413,DEL000302,POI000207,PROD008,23
DELI0000414,DEL000303,POI000208,PROD040,70
DELI0000415,DEL000303,POI000209,PROD042,33
DELI0000416,DEL000304,POI000208,PROD040,84
DELI0000417,DEL000304,POI000209,PROD042,54
DELI0000418,DEL000305,POI000210,PROD014,44
DELI0000419,DEL000306,POI000210,PROD014,25
DELI0000420,DEL000307,POI000211,PROD012,81
DELI0000421,DEL000307,POI000212,PROD038,45
DELI0000422,DEL000308,POI000211,PROD012,56
DELI0000423,DEL000308,POI000212,PROD038,50
DELI0000424,DEL000309,POI000213,PROD047,34
DELI0000425,DEL000310,POI000213,PROD047,21
DELI0000426,DEL000311,POI000213,PROD047,14
DELI0000427,DEL000312,POI000214,PROD037,56
DELI0000428,DEL000313,POI000214,PROD037,29
DELI0000429,DEL000314,POI000215,PROD011,125
DELI0000430,DEL000315,POI000216,PROD022,110
DELI0000431,DEL000316,POI000216,PROD022,71
DELI0000432,DEL000317,POI000217,PROD021,210
DELI0000433,DEL000317,POI000218,PROD041,44
DELI0000434,DEL000318,POI000219,PROD036,116
DELI0000435,DEL000319,POI000219,PROD036,51
DELI0000436,DEL000320,POI000219,PROD036,28
DELI0000437,DEL000321,POI000220,PROD023,46
DELI0000438,DEL000322,POI000220,PROD023,38
DELI0000439,DEL000323,POI000221,PROD028,27
DELI0000440,DEL000324,POI000221,PROD028,24
DELI0000441,DEL000325,POI000222,PROD015,188
DELI0000442,DEL000326,POI000223,PROD007,31
DELI0000443,DEL000327,POI000223,PROD007,11
DELI0000444,DEL000328,POI000223,PROD007,9
DELI0000445,DEL000329,POI000224,PROD032,44
DELI0000446,DEL000329,POI000225,PROD046,53
DELI0000447,DEL000330,POI000224,PROD032,15
DELI0000448,DEL000330,POI000225,PROD046,30
DELI0000449,DEL000331,POI000224,PROD032,11
DELI0000450,DEL000331,POI000225,PROD046,41
DELI0000451,DEL000332,POI000226,PROD001,93
DELI0000452,DEL000333,POI000227,PROD009,152
DELI0000453,DEL000334,POI000228,PROD018,120
DELI0000454,DEL000334,POI000229,PROD036,118
DELI0000455,DEL000335,POI000230,PROD012,82
DELI0000456,DEL000336,POI000230,PROD012,41
DELI0000457,DEL000337,POI000231,PROD037,85
DELI0000458,DEL000338,POI000231,PROD037,87
DELI0000459,DEL000339,POI000232,PROD025,116
DELI0000460,DEL000340,POI000233,PROD019,167
DELI0000461,DEL000341,POI000234,PROD016,75
DELI0000462,DEL000341,POI000235,PROD024,98
DELI0000463,DEL000342,POI000236,PROD002,70
DELI0000464,DEL000343,POI000236,PROD002,106
DELI0000465,DEL000344,POI000237,PROD032,37
DELI0000466,DEL000344,POI000238,PROD028,56
DELI0000467,DEL000345,POI000237,PROD032,22
DELI0000468,DEL000345,POI000238,PROD028,78
DELI0000469,DEL000346,POI000239,PROD039,72
DELI0000470,DEL000347,POI000239,PROD039,43
DELI0000471,DEL000348,POI000239,PROD039,29
DELI0000472,DEL000349,POI000240,PROD016,41
DELI0000473,DEL000350,POI000240,PROD016,52
DELI0000474,DEL000351,POI000240,PROD016,42
DELI0000475,DEL000352,POI000241,PROD006,28
DELI0000476,DEL000352,POI000242,PROD008,17
DELI0000477,DEL000352,POI000243,PROD038,24
DELI0000478,DEL000353,POI000241,PROD006,5
DELI0000479,DEL000353,POI000242,PROD008,23
DELI0000480,DEL000353,POI000243,PROD038,25
DELI0000481,DEL000354,POI000241,PROD006,10
DELI0000482,DEL000354,POI000242,PROD008,18
DELI0000483,DEL000354,POI000243,PROD038,18
DELI0000484,DEL000355,POI000244,PROD045,41
DELI0000485,DEL000356,POI000244,PROD045,29
DELI0000486,DEL000357,POI000244,PROD045,24
DELI0000487,DEL000358,POI000245,PROD022,48
DELI0000488,DEL000359,POI000246,PROD034,95
DELI0000489,DEL000360,POI000246,PROD034,48
DELI0000490,DEL000361,POI000247,PROD021,91
DELI0000491,DEL000362,POI000247,PROD021,26
DELI0000492,DEL000363,POI000247,PROD021,16
DELI0000493,DEL000364,POI000248,PROD011,130
DELI0000494,DEL000365,POI000249,PROD009,62
DELI0000495,DEL000366,POI000249,PROD009,108
DELI0000496,DEL000367,POI000250,PROD047,115
DELI0000497,DEL000367,POI000251,PROD023,84
DELI0000498,DEL000368,POI000250,PROD047,20
DELI0000499,DEL000368,POI000251,PROD023,42
DELI0000500,DEL000369,POI000250,PROD047,37
DELI0000501,DEL000369,POI000251,PROD023,84
DELI0000502,DEL000370,POI000252,PROD004,111
DELI0000503,DEL000371,POI000252,PROD004,35
DELI0000504,DEL000372,POI000252,PROD004,29
DELI0000505,DEL000373,POI000253,PROD030,88
DELI0000506,DEL000374,POI000254,PROD048,73
DELI0000507,DEL000375,POI000254,PROD048,91
DELI0000508,DEL000376,POI000255,PROD020,65
DELI0000509,DEL000377,POI000255,PROD020,26
DELI0000510,DEL000378,POI000255,PROD020,31
DELI0000511,DEL000379,POI000256,PROD036,30
DELI0000512,DEL000379,POI000257,PROD016,26
DELI0000513,DEL000380,POI000256,PROD036,5
DELI0000514,DEL000380,POI000257,PROD016,25
DELI0000515,DEL000381,POI000256,PROD036,9
DELI0000516,DEL000381,POI000257,PROD016,33
DELI0000517,DEL000382,POI000258,PROD009,98
DELI0000518,DEL000383,POI000259,PROD035,105
DELI0000519,DEL000384,POI000259,PROD035,52
DELI0000520,DEL000385,POI000259,PROD035,53
DELI0000521,DEL000386,POI000260,PROD038,60
DELI0000522,DEL000387,POI000260,PROD038,135
DELI0000523,DEL000388,POI000261,PROD009,78
DELI0000524,DEL000389,POI000261,PROD009,83
DELI0000525,DEL000390,POI000262,PROD015,18
DELI0000526,DEL000391,POI000262,PROD015,18
DELI0000527,DEL000392,POI000262,PROD015,11
DELI0000528,DEL000393,POI000263,PROD015,60
DELI0000529,DEL000394,POI000263,PROD015,69
DELI0000530,DEL000395,POI000263,PROD015,34
DELI0000531,DEL000396,POI000264,PROD035,40
DELI0000532,DEL000397,POI000264,PROD035,49
DELI0000533,DEL000398,POI000265,PROD045,80
DELI0000534,DEL000399,POI000266,PROD021,207
DELI0000535,DEL000400,POI000267,PROD008,42
DELI0000536,DEL000401,POI000267,PROD008,10
DELI0000537,DEL000402,POI000267,PROD008,9
DELI0000538,DEL000403,POI000268,PROD005,63
DELI0000539,DEL000404,POI000268,PROD005,32
DELI0000540,DEL000405,POI000268,PROD005,38
DELI0000541,DEL000406,POI000269,PROD044,176
DELI0000542,DEL000407,POI000270,PROD016,122
DELI0000543,DEL000408,POI000270,PROD016,56
DELI0000544,DEL000409,POI000271,PROD041,26
DELI0000545,DEL000410,POI000271,PROD041,39
DELI0000546,DEL000411,POI000272,PROD032,86
DELI0000547,DEL000411,POI000273,PROD024,50
DELI0000548,DEL000411,POI000274,PROD031,42
DELI0000549,DEL000412,POI000275,PROD013,41
DELI0000550,DEL000413,POI000275,PROD013,32
DELI0000551,DEL000414,POI000275,PROD013,14
DELI0000552,DEL000415,POI000276,PROD032,87
DELI0000553,DEL000415,POI000277,PROD034,24
DELI0000554,DEL000416,POI000276,PROD032,77
DELI0000555,DEL000416,POI000277,PROD034,12
DELI0000556,DEL000417,POI000276,PROD032,41
DELI0000557,DEL000417,POI000277,PROD034,19
DELI0000558,DEL000418,POI000278,PROD016,55
DELI0000559,DEL000418,POI000279,PROD028,62
DELI0000560,DEL000419,POI000278,PROD016,102
DELI0000561,DEL000419,POI000279,PROD028,83
DELI0000562,DEL000420,POI000280,PROD016,20
DELI0000563,DEL000421,POI000280,PROD016,30
DELI0000564,DEL000422,POI000281,PROD045,145
DELI0000565,DEL000423,POI000281,PROD045,34
DELI0000566,DEL000424,POI000281,PROD045,40
DELI0000567,DEL000425,POI000282,PROD011,119
DELI0000568,DEL000425,POI000283,PROD012,141
DELI0000569,DEL000426,POI000284,PROD040,96
DELI0000570,DEL000426,POI000285,PROD038,81
DELI0000571,DEL000427,POI000284,PROD040,23
DELI0000572,DEL000427,POI000285,PROD038,37
DELI0000573,DEL000428,POI000284,PROD040,31
DELI0000574,DEL000428,POI000285,PROD038,28
DELI0000575,DEL000429,POI000286,PROD014,75
DELI0000576,DEL000429,POI000287,PROD005,74
DELI0000577,DEL000429,POI000288,PROD002,214
DELI0000578,DEL000430,POI000289,PROD027,22
DELI0000579,DEL000431,POI000289,PROD027,12
DELI0000580,DEL000432,POI000289,PROD027,13
DELI0000581,DEL000433,POI000290,PROD004,96
DELI0000582,DEL000434,POI000290,PROD004,61
DELI0000583,DEL000435,POI000290,PROD004,62
DELI0000584,DEL000436,POI000291,PROD001,28
DELI0000585,DEL000436,POI000292,PROD029,50
DELI0000586,DEL000437,POI000291,PROD001,12
DELI0000587,DEL000437,POI000292,PROD029,35
DELI0000588,DEL000438,POI000291,PROD001,14
DELI0000589,DEL000438,POI000292,PROD029,26
DELI0000590,DEL000439,POI000293,PROD040,98
DELI0000591,DEL000440,POI000294,PROD046,139
DELI0000592,DEL000441,POI000294,PROD046,48
DELI0000593,DEL000442,POI000294,PROD046,31
DELI0000594,DEL000443,POI000295,PROD022,37
DELI0000595,DEL000444,POI000295,PROD022,13
DELI0000596,DEL000445,POI000295,PROD022,17
DELI0000597,DEL000446,POI000296,PROD046,33
DELI0000598,DEL000447,POI000296,PROD046,24
DELI0000599,DEL000448,POI000296,PROD046,37
DELI0000600,DEL000449,POI000297,PROD028,116
DELI0000601,DEL000449,POI000298,PROD012,69
DELI0000602,DEL000449,POI000299,PROD004,70
DELI0000603,DEL000450,POI000297,PROD028,101
DELI0000604,DEL000450,POI000298,PROD012,31
DELI0000605,DEL000450,POI000299,PROD004,104
DELI0000606,DEL000451,POI000300,PROD047,33
DELI0000607,DEL000451,POI000301,PROD014,78
DELI0000608,DEL000452,POI000300,PROD047,46
DELI0000609,DEL000452,POI000301,PROD014,104
DELI0000610,DEL000453,POI000302,PROD034,38
DELI0000611,DEL000454,POI000302,PROD034,37
DELI0000612,DEL000455,POI000303,PROD012,100
DELI0000613,DEL000456,POI000303,PROD012,47
DELI0000614,DEL000457,POI000303,PROD012,28
DELI0000615,DEL000458,POI000304,PROD014,51
DELI0000616,DEL000459,POI000304,PROD014,11
DELI0000617,DEL000460,POI000304,PROD014,12
DELI0000618,DEL000461,POI000305,PROD008,74
DELI0000619,DEL000461,POI000306,PROD035,55
DELI0000620,DEL000462,POI000305,PROD008,70
DELI0000621,DEL000462,POI000306,PROD035,47
DELI0000622,DEL000463,POI000307,PROD038,139
DELI0000623,DEL000463,POI000308,PROD025,162
DELI0000624,DEL000464,POI000309,PROD010,46
DELI0000625,DEL000464,POI000310,PROD024,60
DELI0000626,DEL000465,POI000309,PROD010,100
DELI0000627,DEL000465,POI000310,PROD024,110
DELI0000628,DEL000466,POI000311,PROD010,58
DELI0000629,DEL000467,POI000311,PROD010,39
DELI0000630,DEL000468,POI000311,PROD010,33
DELI0000631,DEL000469,POI000312,PROD046,129
DELI0000632,DEL000470,POI000312,PROD046,77
DELI0000633,DEL000471,POI000313,PROD022,189
DELI0000634,DEL000471,POI000314,PROD034,192
DELI0000635,DEL000472,POI000315,PROD031,58
DELI0000636,DEL000473,POI000315,PROD031,104
DELI0000637,DEL000474,POI000316,PROD045,24
DELI0000638,DEL000475,POI000316,PROD045,24
DELI0000639,DEL000476,POI000316,PROD045,21
DELI0000640,DEL000477,POI000317,PROD016,12
DELI0000641,DEL000478,POI000317,PROD016,13
DELI0000642,DEL000479,POI000317,PROD016,17
DELI0000643,DEL000480,POI000318,PROD029,106
DELI0000644,DEL000481,POI000318,PROD029,108
DELI0000645,DEL000482,POI000319,PROD042,130
DELI0000646,DEL000482,POI000320,PROD030,22
DELI0000647,DEL000483,POI000319,PROD042,29
DELI0000648,DEL000483,POI000320,PROD030,12
DELI0000649,DEL000484,POI000319,PROD042,59
DELI0000650,DEL000484,POI000320,PROD030,10
DELI0000651,DEL000485,POI000321,PROD045,112
DELI0000652,DEL000486,POI000321,PROD045,63
DELI0000653,DEL000487,POI000322,PROD020,103
DELI0000654,DEL000488,POI000323,PROD010,26
DELI0000655,DEL000489,POI000323,PROD010,50
DELI0000656,DEL000490,POI000324,PROD017,35
DELI0000657,DEL000490,POI000325,PROD005,50
DELI0000658,DEL000491,POI000324,PROD017,44
DELI0000659,DEL000491,POI000325,PROD005,40
DELI0000660,DEL000492,POI000324,PROD017,34
DELI0000661,DEL000492,POI000325,PROD005,52
DELI0000662,DEL000493,POI000326,PROD048,55
DELI0000663,DEL000494,POI000327,PROD032,54
DELI0000664,DEL000495,POI000327,PROD032,20
DELI0000665,DEL000496,POI000327,PROD032,29
DELI0000666,DEL000497,POI000328,PROD012,137
DELI0000667,DEL000497,POI000329,PROD007,153
DELI0000668,DEL000498,POI000330,PROD040,109
DELI0000669,DEL000499,POI000330,PROD040,37
DELI0000670,DEL000500,POI000330,PROD040,22
DELI0000671,DEL000501,POI000331,PROD008,59
DELI0000672,DEL000502,POI000331,PROD008,52
DELI0000673,DEL000503,POI000331,PROD008,63
DELI0000674,DEL000504,POI000332,PROD006,149
DELI0000675,DEL000504,POI000333,PROD025,52
DELI0000676,DEL000505,POI000334,PROD040,144
DELI0000677,DEL000506,POI000335,PROD040,41
DELI0000678,DEL000507,POI000335,PROD040,60
DELI0000679,DEL000508,POI000336,PROD043,127
DELI0000680,DEL000508,POI000337,PROD016,132
DELI0000681,DEL000509,POI000338,PROD027,95
DELI0000682,DEL000510,POI000338,PROD027,44
DELI0000683,DEL000511,POI000338,PROD027,48
DELI0000684,DEL000512,POI000339,PROD044,155
DELI0000685,DEL000513,POI000340,PROD011,35
DELI0000686,DEL000513,POI000341,PROD007,62
DELI0000687,DEL000514,POI000340,PROD011,27
DELI0000688,DEL000514,POI000341,PROD007,25
DELI0000689,DEL000515,POI000340,PROD011,18
DELI0000690,DEL000515,POI000341,PROD007,47
DELI0000691,DEL000516,POI000342,PROD043,43
DELI0000692,DEL000516,POI000343,PROD010,73
DELI0000693,DEL000517,POI000342,PROD043,32
DELI0000694,DEL000517,POI000343,PROD010,66
DELI0000695,DEL000518,POI000344,PROD031,60
DELI0000696,DEL000519,POI000344,PROD031,134
DELI0000697,DEL000520,POI000345,PROD025,31
DELI0000698,DEL000521,POI000345,PROD025,23
DELI0000699,DEL000522,POI000346,PROD002,95
DELI0000700,DEL000522,POI000347,PROD013,40
DELI0000701,DEL000523,POI000346,PROD002,55
DELI0000702,DEL000523,POI000347,PROD013,18
DELI0000703,DEL000524,POI000348,PROD017,27
DELI0000704,DEL000525,POI000348,PROD017,22
DELI0000705,DEL000526,POI000348,PROD017,30
DELI0000706,DEL000527,POI000349,PROD048,87
DELI0000707,DEL000527,POI000350,PROD012,64
DELI0000708,DEL000528,POI000349,PROD048,50
DELI0000709,DEL000528,POI000350,PROD012,57
DELI0000710,DEL000529,POI000351,PROD018,105
DELI0000711,DEL000529,POI000352,PROD006,15
DELI0000712,DEL000529,POI000353,PROD004,46
DELI0000713,DEL000530,POI000351,PROD018,73
DELI0000714,DEL000530,POI000352,PROD006,26
DELI0000715,DEL000530,POI000353,PROD004,82
DELI0000716,DEL000531,POI000354,PROD033,119
DELI0000717,DEL000532,POI000355,PROD024,40
DELI0000718,DEL000533,POI000355,PROD024,11
DELI0000719,DEL000534,POI000355,PROD024,8
DELI0000720,DEL000535,POI000356,PROD028,50
DELI0000721,DEL000536,POI000356,PROD028,34
DELI0000722,DEL000537,POI000356,PROD028,39
DELI0000723,DEL000538,POI000357,PROD019,124
DELI0000724,DEL000538,POI000358,PROD009,34
DELI0000725,DEL000539,POI000357,PROD019,35
DELI0000726,DEL000539,POI000358,PROD009,28
DELI0000727,DEL000540,POI000357,PROD019,40
DELI0000728,DEL000540,POI000358,PROD009,19
DELI0000729,DEL000541,POI000359,PROD004,45
DELI0000730,DEL000542,POI000359,PROD004,52
DELI0000731,DEL000543,POI000360,PROD021,81
DELI0000732,DEL000544,POI000360,PROD021,119
DELI0000733,DEL000545,POI000361,PROD009,75
DELI0000734,DEL000546,POI000362,PROD006,70
DELI0000735,DEL000547,POI000362,PROD006,19
DELI0000736,DEL000548,POI000362,PROD006,39
DELI0000737,DEL000549,POI000363,PROD048,34
DELI0000738,DEL000550,POI000363,PROD048,28
DELI0000739,DEL000551,POI000364,PROD047,68
DELI0000740,DEL000552,POI000364,PROD047,23
DELI0000741,DEL000553,POI000364,PROD047,51
DELI0000742,DEL000554,POI000365,PROD022,27
DELI0000743,DEL000555,POI000365,PROD022,13
DELI0000744,DEL000556,POI000365,PROD022,21
DELI0000745,DEL000557,POI000366,PROD030,66
DELI0000746,DEL000557,POI000367,PROD025,60
DELI0000747,DEL000558,POI000366,PROD030,45
DELI0000748,DEL000558,POI000367,PROD025,22
DELI0000749,DEL000559,POI000366,PROD030,61
DELI0000750,DEL000559,POI000367,PROD025,15
DELI0000751,DEL000560,POI000368,PROD037,64
DELI0000752,DEL000561,POI000368,PROD037,115
DELI0000753,DEL000562,POI000369,PROD012,67
DELI0000754,DEL000563,POI000369,PROD012,33
DELI0000755,DEL000564,POI000369,PROD012,58
DELI0000756,DEL000565,POI000370,PROD019,135
DELI0000757,DEL000566,POI000370,PROD019,73
DELI0000758,DEL000567,POI000371,PROD033,149
DELI0000759,DEL000568,POI000372,PROD004,40
DELI0000760,DEL000569,POI000372,PROD004,37
DELI0000761,DEL000570,POI000373,PROD040,85
DELI0000762,DEL000571,POI000373,PROD040,70
DELI0000763,DEL000572,POI000373,PROD040,61
DELI0000764,DEL000573,POI000374,PROD013,86
DELI0000765,DEL000573,POI000375,PROD010,47
DELI0000766,DEL000574,POI000374,PROD013,55
DELI0000767,DEL000574,POI000375,PROD010,38
DELI0000768,DEL000575,POI000374,PROD013,59
DELI0000769,DEL000575,POI000375,PROD010,35
DELI0000770,DEL000576,POI000376,PROD016,102
DELI0000771,DEL000577,POI000376,PROD016,46
DELI0000772,DEL000578,POI000377,PROD041,34
DELI0000773,DEL000579,POI000377,PROD041,21
DELI0000774,DEL000580,POI000377,PROD041,18
DELI0000775,DEL000581,POI000378,PROD045,57
DELI0000776,DEL000582,POI000379,PROD024,67
DELI0000777,DEL000582,POI000380,PROD044,130
DELI0000778,DEL000583,POI000381,PROD040,36
DELI0000779,DEL000584,POI000381,PROD040,84
DELI0000780,DEL000585,POI000382,PROD034,42
DELI0000781,DEL000585,POI000383,PROD015,203
DELI0000782,DEL000586,POI000384,PROD013,76
DELI0000783,DEL000587,POI000384,PROD013,54
DELI0000784,DEL000588,POI000384,PROD013,28
DELI0000785,DEL000589,POI000385,PROD032,48
DELI0000786,DEL000590,POI000386,PROD042,32
DELI0000787,DEL000591,POI000386,PROD042,18
DELI0000788,DEL000592,POI000386,PROD042,25
DELI0000789,DEL000593,POI000387,PROD004,121
DELI0000790,DEL000594,POI000388,PROD003,26
DELI0000791,DEL000595,POI000388,PROD003,29
DELI0000792,DEL000596,POI000388,PROD003,14
DELI0000793,DEL000597,POI000389,PROD013,28
DELI0000794,DEL000598,POI000389,PROD013,19
DELI0000795,DEL000599,POI000390,PROD009,52
DELI0000796,DEL000600,POI000391,PROD039,93
DELI0000797,DEL000601,POI000392,PROD017,126
DELI0000798,DEL000602,POI000393,PROD042,35
DELI0000799,DEL000603,POI000393,PROD042,14
DELI0000800,DEL000604,POI000393,PROD042,12
DELI0000801,DEL000605,POI000394,PROD032,65
DELI0000802,DEL000606,POI000394,PROD032,152
DELI0000803,DEL000607,POI000395,PROD008,128
DELI0000804,DEL000608,POI000396,PROD025,65
DELI0000805,DEL000608,POI000397,PROD040,143
DELI0000806,DEL000609,POI000398,PROD026,156
DELI0000807,DEL000610,POI000399,PROD037,30
DELI0000808,DEL000610,POI000400,PROD005,70
DELI0000809,DEL000611,POI000399,PROD037,65
DELI0000810,DEL000611,POI000400,PROD005,136
DELI0000811,DEL000612,POI000401,PROD039,134
DELI0000812,DEL000612,POI000402,PROD038,88
DELI0000813,DEL000612,POI000403,PROD010,49
DELI0000814,DEL000613,POI000401,PROD039,81
DELI0000815,DEL000613,POI000402,PROD038,58
DELI0000816,DEL000613,POI000403,PROD010,36
DELI0000817,DEL000614,POI000404,PROD045,38
DELI0000818,DEL000615,POI000404,PROD045,37
DELI0000819,DEL000616,POI000405,PROD032,83
DELI0000820,DEL000617,POI000406,PROD034,181
DELI0000821,DEL000618,POI000407,PROD022,29
DELI0000822,DEL000619,POI000407,PROD022,65
DELI0000823,DEL000620,POI000408,PROD018,141
DELI0000824,DEL000621,POI000409,PROD017,35
DELI0000825,DEL000622,POI000409,PROD017,65
DELI0000826,DEL000623,POI000410,PROD035,48
DELI0000827,DEL000624,POI000410,PROD035,38
DELI0000828,DEL000625,POI000410,PROD035,56
DELI0000829,DEL000626,POI000411,PROD026,34
DELI0000830,DEL000627,POI000411,PROD026,30
DELI0000831,DEL000628,POI000412,PROD008,123
DELI0000832,DEL000628,POI000413,PROD043,114
DELI0000833,DEL000629,POI000412,PROD008,53
DELI0000834,DEL000629,POI000413,PROD043,81
DELI0000835,DEL000630,POI000414,PROD024,31
DELI0000836,DEL000630,POI000415,PROD045,30
DELI0000837,DEL000631,POI000414,PROD024,66
DELI0000838,DEL000631,POI000415,PROD045,22
DELI0000839,DEL000632,POI000416,PROD026,137
DELI0000840,DEL000632,POI000417,PROD020,59
DELI0000841,DEL000633,POI000416,PROD026,78
DELI0000842,DEL000633,POI000417,PROD020,59
DELI0000843,DEL000634,POI000418,PROD012,33
DELI0000844,DEL000634,POI000419,PROD039,30
DELI0000845,DEL000634,POI000420,PROD016,34
DELI0000846,DEL000635,POI000418,PROD012,21
DELI0000847,DEL000635,POI000419,PROD039,53
DELI0000848,DEL000635,POI000420,PROD016,66
DELI0000849,DEL000636,POI000421,PROD017,146
DELI0000850,DEL000637,POI000422,PROD023,43
DELI0000851,DEL000638,POI000422,PROD023,33
DELI0000852,DEL000639,POI000423,PROD033,147
DELI0000853,DEL000640,POI000424,PROD003,64
DELI0000854,DEL000641,POI000425,PROD045,109
DELI0000855,DEL000641,POI000426,PROD007,77
DELI0000856,DEL000642,POI000425,PROD045,61
DELI0000857,DEL000642,POI000426,PROD007,39
DELI0000858,DEL000643,POI000427,PROD024,143
DELI0000859,DEL000644,POI000427,PROD024,21
DELI0000860,DEL000645,POI000427,PROD024,44
DELI0000861,DEL000646,POI000428,PROD027,134
DELI0000862,DEL000646,POI000429,PROD029,190
DELI0000863,DEL000647,POI000430,PROD019,51
DELI0000864,DEL000647,POI000431,PROD007,99
DELI0000865,DEL000648,POI000430,PROD019,80
DELI0000866,DEL000648,POI000431,PROD007,83
DELI0000867,DEL000649,POI000432,PROD017,101
DELI0000868,DEL000650,POI000433,PROD011,137
DELI0000869,DEL000651,POI000433,PROD011,61
DELI0000870,DEL000652,POI000434,PROD014,63
DELI0000871,DEL000652,POI000435,PROD038,63
DELI0000872,DEL000653,POI000434,PROD014,35
DELI0000873,DEL000653,POI000435,PROD038,84
DELI0000874,DEL000654,POI000436,PROD005,28
DELI0000875,DEL000655,POI000436,PROD005,11
DELI0000876,DEL000656,POI000436,PROD005,7
DELI0000877,DEL000657,POI000437,PROD033,38
DELI0000878,DEL000658,POI000437,PROD033,25
DELI0000879,DEL000659,POI000437,PROD033,28
DELI0000880,DEL000660,POI000438,PROD021,74
DELI0000881,DEL000660,POI000439,PROD001,61
DELI0000882,DEL000661,POI000438,PROD021,24
DELI0000883,DEL000661,POI000439,PROD001,33
DELI0000884,DEL000662,POI000438,PROD021,19
DELI0000885,DEL000662,POI000439,PROD001,23
DELI0000886,DEL000663,POI000440,PROD035,127
DELI0000887,DEL000664,POI000440,PROD035,39
DELI0000888,DEL000665,POI000440,PROD035,46
DELI0000889,DEL000666,POI000441,PROD037,97
DELI0000890,DEL000667,POI000441,PROD037,45
DELI0000891,DEL000668,POI000442,PROD045,101
DELI0000892,DEL000669,POI000442,PROD045,44
DELI0000893,DEL000670,POI000442,PROD045,55
DELI0000894,DEL000671,POI000443,PROD018,62
DELI0000895,DEL000671,POI000444,PROD014,117
DELI0000896,DEL000672,POI000443,PROD018,19
DELI0000897,DEL000672,POI000444,PROD014,47
DELI0000898,DEL000673,POI000443,PROD018,27
DELI0000899,DEL000673,POI000444,PROD014,26
DELI0000900,DEL000674,POI000445,PROD041,63
DELI0000901,DEL000675,POI000445,PROD041,36
DELI0000902,DEL000676,POI000446,PROD042,90
DELI0000903,DEL000677,POI000447,PROD013,133
DELI0000904,DEL000677,POI000448,PROD032,167
DELI0000905,DEL000677,POI000449,PROD031,199
DELI0000906,DEL000678,POI000450,PROD048,80
DELI0000907,DEL000679,POI000451,PROD024,89
DELI0000908,DEL000680,POI000451,PROD024,58
DELI0000909,DEL000681,POI000452,PROD020,87
DELI0000910,DEL000681,POI000453,PROD015,135
DELI0000911,DEL000682,POI000452,PROD020,117
DELI0000912,DEL000682,POI000453,PROD015,83
DELI0000913,DEL000683,POI000454,PROD029,86
DELI0000914,DEL000684,POI000454,PROD029,26
DELI0000915,DEL000685,POI000454,PROD029,61
DELI0000916,DEL000686,POI000455,PROD020,60
DELI0000917,DEL000687,POI000455,PROD020,44
DELI0000918,DEL000688,POI000456,PROD041,213
DELI0000919,DEL000689,POI000457,PROD034,140
DELI0000920,DEL000689,POI000458,PROD031,77
DELI0000921,DEL000689,POI000459,PROD028,161
DELI0000922,DEL000690,POI000460,PROD031,91
DELI0000923,DEL000690,POI000461,PROD040,52
DELI0000924,DEL000690,POI000462,PROD013,59
DELI0000925,DEL000691,POI000460,PROD031,55
DELI0000926,DEL000691,POI000461,PROD040,90
DELI0000927,DEL000691,POI000462,PROD013,128
DELI0000928,DEL000692,POI000463,PROD034,44
DELI0000929,DEL000693,POI000463,PROD034,34
DELI0000930,DEL000694,POI000463,PROD034,39
DELI0000931,DEL000695,POI000464,PROD045,200
DELI0000932,DEL000695,POI000465,PROD006,110
DELI0000933,DEL000696,POI000466,PROD044,128
DELI0000934,DEL000697,POI000466,PROD044,70
DELI0000935,DEL000698,POI000467,PROD019,49
DELI0000936,DEL000698,POI000468,PROD029,40
DELI0000937,DEL000699,POI000469,PROD019,109
DELI0000938,DEL000700,POI000469,PROD019,102
DELI0000939,DEL000701,POI000470,PROD036,48
DELI0000940,DEL000702,POI000471,PROD032,163
DELI0000941,DEL000703,POI000472,PROD029,101
DELI0000942,DEL000703,POI000473,PROD047,45
DELI0000943,DEL000704,POI000472,PROD029,39
DELI0000944,DEL000704,POI000473,PROD047,14
DELI0000945,DEL000705,POI000472,PROD029,32
DELI0000946,DEL000705,POI000473,PROD047,14
DELI0000947,DEL000706,POI000474,PROD033,193
DELI0000948,DEL000706,POI000475,PROD025,213
DELI0000949,DEL000707,POI000476,PROD009,89
DELI0000950,DEL000708,POI000476,PROD009,35
DELI0000951,DEL000709,POI000476,PROD009,20
DELI0000952,DEL000710,POI000477,PROD021,42
DELI0000953,DEL000711,POI000477,PROD021,18
DELI0000954,DEL000712,POI000477,PROD021,25
DELI0000955,DEL000713,POI000478,PROD013,42
DELI0000956,DEL000714,POI000478,PROD013,27
DELI0000957,DEL000715,POI000479,PROD034,94
DELI0000958,DEL000716,POI000479,PROD034,59
DELI0000959,DEL000717,POI000480,PROD011,29
DELI0000960,DEL000718,POI000480,PROD011,10
DELI0000961,DEL000719,POI000480,PROD011,19
DELI0000962,DEL000720,POI000481,PROD024,41
DELI0000963,DEL000721,POI000482,PROD019,156
DELI0000964,DEL000721,POI000483,PROD010,114
DELI0000965,DEL000721,POI000484,PROD043,89
DELI0000966,DEL000722,POI000485,PROD011,153
DELI0000967,DEL000723,POI000486,PROD020,51
DELI0000968,DEL000724,POI000487,PROD012,112
DELI0000969,DEL000725,POI000487,PROD012,79
DELI0000970,DEL000726,POI000488,PROD042,64
DELI0000971,DEL000727,POI000488,PROD042,90
DELI0000972,DEL000728,POI000489,PROD025,99
DELI0000973,DEL000729,POI000489,PROD025,84
DELI0000974,DEL000730,POI000490,PROD024,132
DELI0000975,DEL000731,POI000491,PROD034,69
DELI0000976,DEL000732,POI000491,PROD034,50
DELI0000977,DEL000733,POI000492,PROD022,41
DELI0000978,DEL000733,POI000493,PROD035,101
DELI0000979,DEL000734,POI000494,PROD039,106
DELI0000980,DEL000735,POI000495,PROD035,39
DELI0000981,DEL000736,POI000495,PROD035,9
DELI0000982,DEL000737,POI000495,PROD035,20
DELI0000983,DEL000738,POI000496,PROD029,132
DELI0000984,DEL000739,POI000497,PROD035,173
DELI0000985,DEL000740,POI000498,PROD046,166
DELI0000986,DEL000741,POI000499,PROD013,58
DELI0000987,DEL000741,POI000500,PROD016,34
DELI0000988,DEL000742,POI000499,PROD013,80
DELI0000989,DEL000742,POI000500,PROD016,34
DELI0000990,DEL000743,POI000501,PROD025,79
DELI0000991,DEL000744,POI000502,PROD012,136
DELI0000992,DEL000744,POI000503,PROD048,57
DELI0000993,DEL000745,POI000504,PROD010,149
DELI0000994,DEL000745,POI000505,PROD036,129
DELI0000995,DEL000746,POI000506,PROD045,73
DELI0000996,DEL000747,POI000507,PROD006,37
DELI0000997,DEL000748,POI000507,PROD006,13
DELI0000998,DEL000749,POI000507,PROD006,6
DELI0000999,DEL000750,POI000508,PROD022,63
DELI0001000,DEL000750,POI000509,PROD019,22
DELI0001001,DEL000751,POI000508,PROD022,36
DELI0001002,DEL000751,POI000509,PROD019,15
DELI0001003,DEL000752,POI000508,PROD022,36
DELI0001004,DEL000752,POI000509,PROD019,26
DELI0001005,DEL000753,POI000510,PROD002,50
DELI0001006,DEL000754,POI000510,PROD002,78
DELI0001007,DEL000755,POI000511,PROD022,21
DELI0001008,DEL000756,POI000511,PROD022,14
DELI0001009,DEL000757,POI000511,PROD022,16
DELI0001010,DEL000758,POI000512,PROD001,51
DELI0001011,DEL000759,POI000512,PROD001,53
DELI0001012,DEL000760,POI000513,PROD034,219
DELI0001013,DEL000761,POI000514,PROD037,32
DELI0001014,DEL000762,POI000514,PROD037,35
DELI0001015,DEL000763,POI000514,PROD037,18
DELI0001016,DEL000764,POI000515,PROD013,85
DELI0001017,DEL000764,POI000516,PROD037,45
DELI0001018,DEL000765,POI000515,PROD013,117
DELI0001019,DEL000765,POI000516,PROD037,27
DELI0001020,DEL000766,POI000517,PROD005,73
DELI0001021,DEL000766,POI000518,PROD022,37
DELI0001022,DEL000767,POI000517,PROD005,92
DELI0001023,DEL000767,POI000518,PROD022,27
DELI0001024,DEL000768,POI000519,PROD047,97
DELI0001025,DEL000769,POI000519,PROD047,21
DELI0001026,DEL000770,POI000519,PROD047,39
DELI0001027,DEL000771,POI000520,PROD039,80
DELI0001028,DEL000772,POI000520,PROD039,51
DELI0001029,DEL000773,POI000520,PROD039,41
DELI0001030,DEL000774,POI000521,PROD046,57
DELI0001031,DEL000774,POI000522,PROD003,30
DELI0001032,DEL000775,POI000521,PROD046,31
DELI0001033,DEL000775,POI000522,PROD003,23
DELI0001034,DEL000776,POI000521,PROD046,18
DELI0001035,DEL000776,POI000522,PROD003,39
DELI0001036,DEL000777,POI000523,PROD009,42
DELI0001037,DEL000778,POI000523,PROD009,33
DELI0001038,DEL000779,POI000523,PROD009,25
DELI0001039,DEL000780,POI000524,PROD045,80
DELI0001040,DEL000781,POI000524,PROD045,35
DELI0001041,DEL000782,POI000524,PROD045,36
DELI0001042,DEL000783,POI000525,PROD046,76
DELI0001043,DEL000784,POI000525,PROD046,18
DELI0001044,DEL000785,POI000525,PROD046,22
DELI0001045,DEL000786,POI000526,PROD008,16
DELI0001046,DEL000787,POI000526,PROD008,15
DELI0001047,DEL000788,POI000526,PROD008,23
DELI0001048,DEL000789,POI000527,PROD044,217
DELI0001049,DEL000790,POI000528,PROD028,113
DELI0001050,DEL000790,POI000529,PROD020,203
DELI0001051,DEL000791,POI000530,PROD024,111
DELI0001052,DEL000791,POI000531,PROD031,45
DELI0001053,DEL000792,POI000532,PROD043,41
DELI0001054,DEL000793,POI000532,PROD043,23
DELI0001055,DEL000794,POI000532,PROD043,12
DELI0001056,DEL000795,POI000533,PROD004,101
DELI0001057,DEL000796,POI000533,PROD004,65
DELI0001058,DEL000797,POI000533,PROD004,39
DELI0001059,DEL000798,POI000534,PROD029,161
DELI0001060,DEL000799,POI000535,PROD021,26
DELI0001061,DEL000799,POI000536,PROD034,77
DELI0001062,DEL000800,POI000535,PROD021,7
DELI0001063,DEL000800,POI000536,PROD034,55
DELI0001064,DEL000801,POI000535,PROD021,12
DELI0001065,DEL000801,POI000536,PROD034,42
DELI0001066,DEL000802,POI000537,PROD033,95
DELI0001067,DEL000803,POI000538,PROD027,73
DELI0001068,DEL000803,POI000539,PROD001,32
DELI0001069,DEL000803,POI000540,PROD008,112
DELI0001070,DEL000804,POI000538,PROD027,77
DELI0001071,DEL000804,POI000539,PROD001,24
DELI0001072,DEL000804,POI000540,PROD008,30
DELI0001073,DEL000805,POI000538,PROD027,49
DELI0001074,DEL000805,POI000539,PROD001,15
DELI0001075,DEL000805,POI000540,PROD008,32
DELI0001076,DEL000806,POI000541,PROD048,96
DELI0001077,DEL000806,POI000542,PROD001,43
DELI0001078,DEL000807,POI000543,PROD002,161
DELI0001079,DEL000808,POI000544,PROD032,107
DELI0001080,DEL000808,POI000545,PROD003,122
DELI0001081,DEL000809,POI000544,PROD032,39
DELI0001082,DEL000809,POI000545,PROD003,49
DELI0001083,DEL000810,POI000544,PROD032,25
DELI0001084,DEL000810,POI000545,PROD003,28
DELI0001085,DEL000811,POI000546,PROD003,68
DELI0001086,DEL000812,POI000546,PROD003,126
DELI0001087,DEL000813,POI000547,PROD008,41
DELI0001088,DEL000814,POI000547,PROD008,17
DELI0001089,DEL000815,POI000547,PROD008,20
DELI0001090,DEL000816,POI000548,PROD008,37
DELI0001091,DEL000816,POI000549,PROD046,113
DELI0001092,DEL000817,POI000548,PROD008,19
DELI0001093,DEL000817,POI000549,PROD046,34
DELI0001094,DEL000818,POI000548,PROD008,29
DELI0001095,DEL000818,POI000549,PROD046,21
DELI0001096,DEL000819,POI000550,PROD021,16
DELI0001097,DEL000819,POI000551,PROD041,100
DELI0001098,DEL000820,POI000550,PROD021,18
DELI0001099,DEL000820,POI000551,PROD041,31
DELI0001100,DEL000821,POI000550,PROD021,9
DELI0001101,DEL000821,POI000551,PROD041,62
DELI0001102,DEL000822,POI000552,PROD019,191
DELI0001103,DEL000823,POI000553,PROD032,43
DELI0001104,DEL000824,POI000554,PROD029,68
DELI0001105,DEL000825,POI000554,PROD029,36
DELI0001106,DEL000826,POI000554,PROD029,17
DELI0001107,DEL000827,POI000555,PROD008,44
DELI0001108,DEL000827,POI000556,PROD030,74
DELI0001109,DEL000828,POI000555,PROD008,39
DELI0001110,DEL000828,POI000556,PROD030,133
DELI0001111,DEL000829,POI000557,PROD005,55
DELI0001112,DEL000830,POI000558,PROD018,80
DELI0001113,DEL000831,POI000559,PROD015,50
DELI0001114,DEL000832,POI000559,PROD015,46
DELI0001115,DEL000833,POI000559,PROD015,36
DELI0001116,DEL000834,POI000560,PROD041,100
DELI0001117,DEL000835,POI000561,PROD005,65
DELI0001118,DEL000836,POI000561,PROD005,114
DELI0001119,DEL000837,POI000562,PROD023,20
DELI0001120,DEL000838,POI000562,PROD023,25
DELI0001121,DEL000839,POI000562,PROD023,22
DELI0001122,DEL000840,POI000563,PROD033,73
DELI0001123,DEL000841,POI000564,PROD033,24
DELI0001124,DEL000842,POI000564,PROD033,34
DELI0001125,DEL000843,POI000565,PROD032,98
DELI0001126,DEL000844,POI000565,PROD032,100
DELI0001127,DEL000845,POI000566,PROD028,157
DELI0001128,DEL000846,POI000567,PROD036,33
DELI0001129,DEL000847,POI000567,PROD036,8
DELI0001130,DEL000848,POI000567,PROD036,7
DELI0001131,DEL000849,POI000568,PROD037,90
DELI0001132,DEL000849,POI000569,PROD031,53
DELI0001133,DEL000850,POI000570,PROD026,74
DELI0001134,DEL000851,POI000570,PROD026,14
DELI0001135,DEL000852,POI000570,PROD026,28
DELI0001136,DEL000853,POI000571,PROD011,23
DELI0001137,DEL000853,POI000572,PROD007,105
DELI0001138,DEL000853,POI000573,PROD020,22
DELI0001139,DEL000854,POI000571,PROD011,55
DELI0001140,DEL000854,POI000572,PROD007,114
DELI0001141,DEL000854,POI000573,PROD020,20
DELI0001142,DEL000855,POI000574,PROD031,39
DELI0001143,DEL000855,POI000575,PROD040,37
DELI0001144,DEL000856,POI000574,PROD031,31
DELI0001145,DEL000856,POI000575,PROD040,43
DELI0001146,DEL000857,POI000574,PROD031,44
DELI0001147,DEL000857,POI000575,PROD040,29
DELI0001148,DEL000858,POI000576,PROD001,82
DELI0001149,DEL000858,POI000577,PROD027,25
DELI0001150,DEL000858,POI000578,PROD008,68
DELI0001151,DEL000859,POI000576,PROD001,71
DELI0001152,DEL000859,POI000577,PROD027,7
DELI0001153,DEL000859,POI000578,PROD008,32
DELI0001154,DEL000860,POI000576,PROD001,40
DELI0001155,DEL000860,POI000577,PROD027,13
DELI0001156,DEL000860,POI000578,PROD008,40
DELI0001157,DEL000861,POI000579,PROD036,65
DELI0001158,DEL000861,POI000580,PROD033,103
DELI0001159,DEL000862,POI000581,PROD020,98
DELI0001160,DEL000863,POI000581,PROD020,64
DELI0001161,DEL000864,POI000582,PROD026,43
DELI0001162,DEL000864,POI000583,PROD027,104
DELI0001163,DEL000865,POI000582,PROD026,14
DELI0001164,DEL000865,POI000583,PROD027,41
DELI0001165,DEL000866,POI000582,PROD026,26
DELI0001166,DEL000866,POI000583,PROD027,52
DELI0001167,DEL000867,POI000584,PROD041,131
DELI0001168,DEL000868,POI000584,PROD041,59
DELI0001169,DEL000869,POI000585,PROD028,78
DELI0001170,DEL000869,POI000586,PROD015,50
DELI0001171,DEL000870,POI000585,PROD028,54
DELI0001172,DEL000870,POI000586,PROD015,10
DELI0001173,DEL000871,POI000585,PROD028,72
DELI0001174,DEL000871,POI000586,PROD015,13
DELI0001175,DEL000872,POI000587,PROD047,72
DELI0001176,DEL000873,POI000587,PROD047,18
DELI0001177,DEL000874,POI000587,PROD047,15
DELI0001178,DEL000875,POI000588,PROD021,69
DELI0001179,DEL000876,POI000588,PROD021,56
DELI0001180,DEL000877,POI000589,PROD042,31
DELI0001181,DEL000877,POI000590,PROD016,31
DELI0001182,DEL000877,POI000591,PROD043,50
DELI0001183,DEL000878,POI000589,PROD042,68
DELI0001184,DEL000878,POI000590,PROD016,41
DELI0001185,DEL000878,POI000591,PROD043,37
DELI0001186,DEL000879,POI000592,PROD019,17
DELI0001187,DEL000879,POI000593,PROD022,60
DELI0001188,DEL000880,POI000592,PROD019,25
DELI0001189,DEL000880,POI000593,PROD022,65
DELI0001190,DEL000881,POI000594,PROD021,57
DELI0001191,DEL000882,POI000594,PROD021,102
DELI0001192,DEL000883,POI000595,PROD039,48
DELI0001193,DEL000884,POI000595,PROD039,70
DELI0001194,DEL000885,POI000596,PROD045,29
DELI0001195,DEL000886,POI000596,PROD045,36
DELI0001196,DEL000887,POI000596,PROD045,25
DELI0001197,DEL000888,POI000597,PROD034,36
DELI0001198,DEL000889,POI000597,PROD034,55
DELI0001199,DEL000890,POI000598,PROD048,54
DELI0001200,DEL000891,POI000598,PROD048,61
DELI0001201,DEL000892,POI000599,PROD035,57
DELI0001202,DEL000893,POI000599,PROD035,36
DELI0001203,DEL000894,POI000600,PROD024,51
DELI0001204,DEL000895,POI000601,PROD030,45
DELI0001205,DEL000896,POI000601,PROD030,28
DELI0001206,DEL000897,POI000602,PROD030,30
DELI0001207,DEL000897,POI000603,PROD036,21
DELI0001208,DEL000898,POI000602,PROD030,66
DELI0001209,DEL000898,POI000603,PROD036,41
DELI0001210,DEL000899,POI000604,PROD020,116
DELI0001211,DEL000900,POI000604,PROD020,64
DELI0001212,DEL000901,POI000605,PROD027,70
DELI0001213,DEL000901,POI000606,PROD018,93
DELI0001214,DEL000902,POI000605,PROD027,17
DELI0001215,DEL000902,POI000606,PROD018,44
DELI0001216,DEL000903,POI000605,PROD027,18
DELI0001217,DEL000903,POI000606,PROD018,49
DELI0001218,DEL000904,POI000607,PROD019,41
DELI0001219,DEL000905,POI000607,PROD019,39
DELI0001220,DEL000906,POI000607,PROD019,58
DELI0001221,DEL000907,POI000608,PROD040,122
DELI0001222,DEL000908,POI000608,PROD040,82
DELI0001223,DEL000909,POI000609,PROD012,175
DELI0001224,DEL000909,POI000610,PROD046,89
DELI0001225,DEL000909,POI000611,PROD048,81
DELI0001226,DEL000910,POI000612,PROD019,36
DELI0001227,DEL000910,POI000613,PROD009,36
DELI0001228,DEL000911,POI000612,PROD019,32
DELI0001229,DEL000911,POI000613,PROD009,41
DELI0001230,DEL000912,POI000614,PROD043,56
DELI0001231,DEL000913,POI000614,PROD043,21
DELI0001232,DEL000914,POI000614,PROD043,32
DELI0001233,DEL000915,POI000615,PROD042,190
DELI0001234,DEL000916,POI000616,PROD046,14
DELI0001235,DEL000917,POI000616,PROD046,15
DELI0001236,DEL000918,POI000616,PROD046,18
DELI0001237,DEL000919,POI000617,PROD001,94
DELI0001238,DEL000919,POI000618,PROD026,61
DELI0001239,DEL000919,POI000619,PROD043,158
DELI0001240,DEL000920,POI000620,PROD024,22
DELI0001241,DEL000921,POI000620,PROD024,33
DELI0001242,DEL000922,POI000621,PROD002,107
DELI0001243,DEL000923,POI000621,PROD002,87
DELI0001244,DEL000924,POI000622,PROD042,82
DELI0001245,DEL000925,POI000622,PROD042,33
DELI0001246,DEL000926,POI000622,PROD042,30
DELI0001247,DEL000927,POI000623,PROD022,192
DELI0001248,DEL000928,POI000624,PROD021,34
DELI0001249,DEL000929,POI000624,PROD021,56
DELI0001250,DEL000930,POI000625,PROD010,153
DELI0001251,DEL000930,POI000626,PROD028,91
DELI0001252,DEL000931,POI000627,PROD043,109
DELI0001253,DEL000932,POI000627,PROD043,30
DELI0001254,DEL000933,POI000627,PROD043,23
DELI0001255,DEL000934,POI000628,PROD045,26
DELI0001256,DEL000935,POI000628,PROD045,42
DELI0001257,DEL000936,POI000629,PROD002,115
DELI0001258,DEL000936,POI000630,PROD005,84
DELI0001259,DEL000937,POI000629,PROD002,80
DELI0001260,DEL000937,POI000630,PROD005,69
DELI0001261,DEL000938,POI000631,PROD022,86
DELI0001262,DEL000939,POI000631,PROD022,39
DELI0001263,DEL000940,POI000631,PROD022,28
DELI0001264,DEL000941,POI000632,PROD002,57
DELI0001265,DEL000941,POI000633,PROD017,77
DELI0001266,DEL000942,POI000632,PROD002,25
DELI0001267,DEL000942,POI000633,PROD017,36
DELI0001268,DEL000943,POI000632,PROD002,35
DELI0001269,DEL000943,POI000633,PROD017,81
DELI0001270,DEL000944,POI000634,PROD003,101
DELI0001271,DEL000945,POI000634,PROD003,24
DELI0001272,DEL000946,POI000634,PROD003,38
DELI0001273,DEL000947,POI000635,PROD002,95
DELI0001274,DEL000948,POI000635,PROD002,53
DELI0001275,DEL000949,POI000636,PROD002,30
DELI0001276,DEL000950,POI000636,PROD002,15
DELI0001277,DEL000951,POI000636,PROD002,35
DELI0001278,DEL000952,POI000637,PROD016,166
DELI0001279,DEL000953,POI000638,PROD018,47
DELI0001280,DEL000953,POI000639,PROD044,126
DELI0001281,DEL000954,POI000638,PROD018,28
DELI0001282,DEL000954,POI000639,PROD044,68
DELI0001283,DEL000955,POI000640,PROD043,37
DELI0001284,DEL000956,POI000640,PROD043,30
DELI0001285,DEL000957,POI000640,PROD043,51
DELI0001286,DEL000958,POI000641,PROD014,83
DELI0001287,DEL000958,POI000642,PROD007,71
DELI0001288,DEL000958,POI000643,PROD047,96
DELI0001289,DEL000959,POI000644,PROD022,185
DELI0001290,DEL000960,POI000645,PROD037,18
DELI0001291,DEL000961,POI000645,PROD037,32
DELI0001292,DEL000962,POI000646,PROD036,94
DELI0001293,DEL000963,POI000646,PROD036,122
DELI0001294,DEL000964,POI000647,PROD013,25
DELI0001295,DEL000964,POI000648,PROD048,84
DELI0001296,DEL000964,POI000649,PROD043,30
DELI0001297,DEL000965,POI000647,PROD013,22
DELI0001298,DEL000965,POI000648,PROD048,19
DELI0001299,DEL000965,POI000649,PROD043,21
DELI0001300,DEL000966,POI000647,PROD013,33
DELI0001301,DEL000966,POI000648,PROD048,22
DELI0001302,DEL000966,POI000649,PROD043,15
DELI0001303,DEL000967,POI000650,PROD028,73
DELI0001304,DEL000968,POI000650,PROD028,42
DELI0001305,DEL000969,POI000650,PROD028,25
DELI0001306,DEL000970,POI000651,PROD015,65
DELI0001307,DEL000971,POI000651,PROD015,125
DELI0001308,DEL000972,POI000652,PROD040,58
DELI0001309,DEL000972,POI000653,PROD023,41
DELI0001310,DEL000973,POI000652,PROD040,36
DELI0001311,DEL000973,POI000653,PROD023,62
DELI0001312,DEL000974,POI000652,PROD040,19
DELI0001313,DEL000974,POI000653,PROD023,28
DELI0001314,DEL000975,POI000654,PROD044,197
DELI0001315,DEL000975,POI000655,PROD014,134
DELI0001316,DEL000976,POI000656,PROD003,140
DELI0001317,DEL000977,POI000657,PROD040,70
DELI0001318,DEL000977,POI000658,PROD004,77
DELI0001319,DEL000978,POI000657,PROD040,40
DELI0001320,DEL000978,POI000658,PROD004,59
DELI0001321,DEL000979,POI000657,PROD040,35
DELI0001322,DEL000979,POI000658,PROD004,64
DELI0001323,DEL000980,POI000659,PROD010,68
DELI0001324,DEL000981,POI000659,PROD010,128
DELI0001325,DEL000982,POI000660,PROD036,95
DELI0001326,DEL000983,POI000660,PROD036,43
DELI0001327,DEL000984,POI000660,PROD036,52
DELI0001328,DEL000985,POI000661,PROD034,99
DELI0001329,DEL000986,POI000662,PROD040,173
DELI0001330,DEL000987,POI000663,PROD034,64
DELI0001331,DEL000988,POI000663,PROD034,35
DELI0001332,DEL000989,POI000663,PROD034,75
DELI0001333,DEL000990,POI000664,PROD041,37
DELI0001334,DEL000991,POI000664,PROD041,16
DELI0001335,DEL000992,POI000664,PROD041,31
DELI0001336,DEL000993,POI000665,PROD020,78
DELI0001337,DEL000994,POI000665,PROD020,22
DELI0001338,DEL000995,POI000665,PROD020,26
DELI0001339,DEL000996,POI000666,PROD004,67
DELI0001340,DEL000996,POI000667,PROD033,57
DELI0001341,DEL000997,POI000666,PROD004,99
DELI0001342,DEL000997,POI000667,PROD033,61
DELI0001343,DEL000998,POI000668,PROD040,58
DELI0001344,DEL000999,POI000669,PROD027,81
DELI0001345,DEL001000,POI000669,PROD027,41
DELI0001346,DEL001001,POI000669,PROD027,23
DELI0001347,DEL001002,POI000670,PROD038,123
DELI0001348,DEL001002,POI000671,PROD045,66
DELI0001349,DEL001003,POI000670,PROD038,48
DELI0001350,DEL001003,POI000671,PROD045,40
DELI0001351,DEL001004,POI000670,PROD038,34
DELI0001352,DEL001004,POI000671,PROD045,19
DELI0001353,DEL001005,POI000672,PROD043,180
DELI0001354,DEL001006,POI000673,PROD001,61
DELI0001355,DEL001006,POI000674,PROD016,48
DELI0001356,DEL001007,POI000673,PROD001,54
DELI0001357,DEL001007,POI000674,PROD016,31
DELI0001358,DEL001008,POI000673,PROD001,39
DELI0001359,DEL001008,POI000674,PROD016,41
DELI0001360,DEL001009,POI000675,PROD040,213
DELI0001361,DEL001010,POI000676,PROD043,164
DELI0001362,DEL001010,POI000677,PROD023,102
DELI0001363,DEL001011,POI000678,PROD007,102
DELI0001364,DEL001012,POI000678,PROD007,52
DELI0001365,DEL001013,POI000679,PROD047,99
DELI0001366,DEL001014,POI000679,PROD047,74
