delivery_id,supplier_id,channel_id,dispatch_date,expected_arrival_date,actual_arrival_date,delay_days,transportation_cost
DEL000001,SUP005,CH001,2025-02-10,2025-02-20,2025-02-20,0,249.31
DEL000002,SUP014,CH002,2025-06-13,2025-07-11,2025-07-11,0,293.28
DEL000003,SUP014,CH002,2025-06-17,2025-07-15,2025-07-15,0,1091.25
DEL000004,SUP014,CH002,2025-06-17,2025-07-15,2025-07-15,0,850.22
DEL000005,SUP006,CH005,2025-07-14,2025-07-21,2025-07-21,0,1001.67
DEL000006,SUP007,CH003,2025-08-01,2025-08-04,2025-08-11,7,388.81
DEL000007,SUP009,CH003,2025-06-05,2025-06-08,2025-06-08,0,1446.0
DEL000008,SUP009,CH003,2025-06-12,2025-06-15,2025-06-15,0,354.23
DEL000009,SUP007,CH002,2025-07-27,2025-08-24,2025-08-24,0,1570.58
DEL000010,SUP007,CH002,2025-07-31,2025-08-28,2025-08-28,0,1134.56
DEL000011,SUP007,CH002,2025-08-03,2025-08-31,2025-08-31,0,266.58
DEL000012,SUP015,CH005,2025-03-28,2025-04-04,2025-04-04,0,1129.7
DEL000013,SUP013,CH002,2025-03-20,2025-04-17,2025-04-17,0,1452.38
DEL000014,SUP013,CH002,2025-03-29,2025-04-26,2025-04-26,0,985.13
DEL000015,SUP014,CH002,2025-07-23,2025-08-20,2025-08-20,0,234.58
DEL000016,SUP012,CH005,2025-08-25,2025-09-01,2025-09-01,0,649.97
DEL000017,SUP008,CH003,2025-04-27,2025-04-30,2025-05-05,5,1087.76
DEL000018,SUP011,CH005,2025-09-07,2025-09-14,2025-09-14,0,665.47
DEL000019,SUP011,CH005,2025-09-15,2025-09-22,2025-09-22,0,463.37
DEL000020,SUP011,CH005,2025-09-15,2025-09-22,2025-09-22,0,1787.8
DEL000021,SUP008,CH002,2025-03-17,2025-04-14,2025-04-14,0,705.49
DEL000022,SUP010,CH004,2025-01-12,2025-01-30,2025-01-30,0,619.94
DEL000023,SUP010,CH004,2025-01-21,2025-02-08,2025-02-08,0,1529.78
DEL000024,SUP010,CH004,2025-01-21,2025-02-08,2025-02-08,0,1159.01
DEL000025,SUP013,CH005,2025-11-24,2025-12-01,2025-12-01,0,222.3
DEL000026,SUP013,CH005,2025-11-29,2025-12-06,2025-12-06,0,394.93
DEL000027,SUP013,CH005,2025-12-04,2025-12-11,2025-12-11,0,1486.6
DEL000028,SUP015,CH002,2025-09-23,2025-10-21,2025-10-21,0,836.13
DEL000029,SUP015,CH002,2025-09-25,2025-10-23,2025-10-23,0,1260.58
DEL000030,SUP015,CH002,2025-10-02,2025-10-30,2025-10-30,0,239.78
DEL000031,SUP004,CH002,2025-05-15,2025-06-12,2025-06-12,0,1745.97
DEL000032,SUP004,CH002,2025-05-15,2025-06-12,2025-06-12,0,1486.98
DEL000033,SUP012,CH004,2025-07-17,2025-08-04,2025-08-04,0,1049.23
DEL000034,SUP006,CH003,2025-12-28,2025-12-31,2025-12-31,0,881.41
DEL000035,SUP006,CH003,2026-01-02,2026-01-05,2026-01-05,0,926.24
DEL000036,SUP006,CH003,2026-01-05,2026-01-08,2026-01-08,0,1506.51
DEL000037,SUP008,CH005,2025-04-21,2025-04-28,2025-04-28,0,696.54
DEL000038,SUP014,CH003,2025-03-09,2025-03-12,2025-03-18,6,384.78
DEL000039,SUP014,CH003,2025-03-17,2025-03-20,2025-03-23,3,285.41
DEL000040,SUP014,CH003,2025-03-20,2025-03-23,2025-03-23,0,708.79
DEL000041,SUP002,CH001,2025-11-08,2025-11-18,2025-11-18,0,578.79
DEL000042,SUP002,CH001,2025-11-09,2025-11-19,2025-11-19,0,866.02
DEL000043,SUP002,CH001,2025-11-13,2025-11-23,2025-11-23,0,362.68
DEL000044,SUP001,CH003,2025-06-22,2025-06-25,2025-07-10,15,1549.72
DEL000045,SUP012,CH001,2026-01-01,2026-01-11,2026-01-11,0,1057.71
DEL000046,SUP012,CH001,2026-01-06,2026-01-16,2026-01-16,0,816.14
DEL000047,SUP012,CH001,2026-01-06,2026-01-16,2026-01-16,0,867.02
DEL000048,SUP003,CH004,2025-03-10,2025-03-28,2025-03-28,0,1297.19
DEL000049,SUP003,CH004,2025-03-11,2025-03-29,2025-03-29,0,1666.16
DEL000050,SUP008,CH005,2026-01-23,2026-01-30,2026-01-30,0,1212.67
DEL000051,SUP008,CH005,2026-01-30,2026-02-06,2026-02-06,0,1311.68
DEL000052,SUP008,CH005,2026-02-04,2026-02-11,2026-02-11,0,1361.15
DEL000053,SUP008,CH003,2025-10-11,2025-10-14,2025-10-14,0,1149.89
DEL000054,SUP008,CH003,2025-10-15,2025-10-18,2025-10-18,0,1713.64
DEL000055,SUP008,CH003,2025-10-18,2025-10-21,2025-10-31,10,1185.87
DEL000056,SUP010,CH003,2025-03-21,2025-03-24,2025-03-24,0,1422.28
DEL000057,SUP010,CH003,2025-03-26,2025-03-29,2025-03-29,0,1689.98
DEL000058,SUP010,CH004,2025-08-14,2025-09-01,2025-09-01,0,1438.91
DEL000059,SUP013,CH005,2025-10-30,2025-11-06,2025-11-06,0,782.71
DEL000060,SUP013,CH005,2025-11-03,2025-11-10,2025-11-10,0,436.45
DEL000061,SUP010,CH005,2025-02-14,2025-02-21,2025-02-21,0,1697.82
DEL000062,SUP012,CH003,2025-06-19,2025-06-22,2025-07-07,15,1560.85
DEL000063,SUP012,CH003,2025-06-20,2025-06-23,2025-06-23,0,219.68
DEL000064,SUP012,CH003,2025-06-25,2025-06-28,2025-06-28,0,933.68
DEL000065,SUP006,CH004,2025-05-26,2025-06-13,2025-06-13,0,654.25
DEL000066,SUP006,CH004,2025-06-02,2025-06-20,2025-06-20,0,1265.1
DEL000067,SUP006,CH004,2025-06-05,2025-06-23,2025-07-07,14,585.32
DEL000068,SUP014,CH002,2025-07-30,2025-08-27,2025-08-30,3,282.65
DEL000069,SUP014,CH002,2025-08-03,2025-08-31,2025-08-31,0,291.57
DEL000070,SUP014,CH002,2025-08-03,2025-08-31,2025-08-31,0,1316.99
DEL000071,SUP013,CH005,2026-01-09,2026-01-16,2026-01-16,0,1561.81
DEL000072,SUP009,CH001,2025-12-08,2025-12-18,2025-12-18,0,1178.47
DEL000073,SUP005,CH003,2025-08-25,2025-08-28,2025-08-28,0,477.0
DEL000074,SUP013,CH002,2025-06-20,2025-07-18,2025-07-18,0,432.21
DEL000075,SUP013,CH002,2025-06-26,2025-07-24,2025-07-24,0,1319.64
DEL000076,SUP007,CH001,2025-05-01,2025-05-11,2025-05-11,0,958.67
DEL000077,SUP007,CH001,2025-05-07,2025-05-17,2025-05-17,0,687.53
DEL000078,SUP013,CH005,2025-03-06,2025-03-13,2025-03-13,0,1141.29
DEL000079,SUP008,CH002,2025-09-30,2025-10-28,2025-10-28,0,1323.2
DEL000080,SUP008,CH002,2025-10-07,2025-11-04,2025-11-04,0,1459.89
DEL000081,SUP007,CH005,2025-06-10,2025-06-17,2025-06-17,0,1673.69
DEL000082,SUP007,CH005,2025-06-14,2025-06-21,2025-06-21,0,703.12
DEL000083,SUP002,CH002,2025-08-24,2025-09-21,2025-09-21,0,288.91
DEL000084,SUP006,CH005,2025-02-07,2025-02-14,2025-02-14,0,223.49
DEL000085,SUP006,CH005,2025-02-14,2025-02-21,2025-02-21,0,445.78
DEL000086,SUP006,CH005,2025-02-19,2025-02-26,2025-02-26,0,783.87
DEL000087,SUP009,CH003,2025-08-17,2025-08-20,2025-08-20,0,1328.65
DEL000088,SUP009,CH003,2025-08-25,2025-08-28,2025-09-08,11,534.49
DEL000089,SUP006,CH003,2025-12-14,2025-12-17,2025-12-17,0,1784.51
DEL000090,SUP006,CH003,2025-12-16,2025-12-19,2025-12-19,0,328.08
DEL000091,SUP006,CH003,2025-12-19,2025-12-22,2025-12-31,9,489.48
DEL000092,SUP001,CH004,2025-04-23,2025-05-11,2025-05-11,0,984.32
DEL000093,SUP001,CH004,2025-04-30,2025-05-18,2025-05-27,9,589.87
DEL000094,SUP008,CH003,2026-01-20,2026-01-23,2026-01-23,0,292.97
DEL000095,SUP008,CH003,2026-01-24,2026-01-27,2026-01-27,0,1551.17
DEL000096,SUP005,CH005,2025-09-04,2025-09-11,2025-09-11,0,1139.4
DEL000097,SUP005,CH005,2025-09-09,2025-09-16,2025-09-16,0,998.11
DEL000098,SUP005,CH005,2025-09-13,2025-09-20,2025-09-20,0,1667.74
DEL000099,SUP009,CH002,2025-02-20,2025-03-20,2025-03-25,5,1683.94
DEL000100,SUP012,CH003,2025-11-09,2025-11-12,2025-11-12,0,1324.85
DEL000101,SUP012,CH003,2025-11-17,2025-11-20,2025-11-20,0,964.01
DEL000102,SUP013,CH002,2026-03-24,2026-04-21,2026-04-21,0,382.57
DEL000103,SUP013,CH002,2026-03-27,2026-04-24,2026-04-24,0,1751.7
DEL000104,SUP007,CH005,2025-09-13,2025-09-20,2025-09-20,0,398.19
DEL000105,SUP010,CH004,2025-12-11,2025-12-29,2025-12-29,0,1764.67
DEL000106,SUP010,CH004,2025-12-15,2026-01-02,2026-01-02,0,335.71
DEL000107,SUP010,CH004,2025-12-17,2026-01-04,2026-01-04,0,1516.13
DEL000108,SUP011,CH004,2025-12-31,2026-01-18,2026-01-18,0,1341.21
DEL000109,SUP011,CH004,2026-01-02,2026-01-20,2026-01-20,0,1383.09
DEL000110,SUP011,CH003,2025-07-01,2025-07-04,2025-07-04,0,1283.66
DEL000111,SUP011,CH003,2025-07-03,2025-07-06,2025-07-06,0,1274.58
DEL000112,SUP007,CH003,2025-05-02,2025-05-05,2025-05-05,0,1144.51
DEL000113,SUP007,CH003,2025-05-01,2025-05-04,2025-05-04,0,500.15
DEL000114,SUP007,CH003,2025-05-06,2025-05-09,2025-05-09,0,1348.22
DEL000115,SUP002,CH005,2025-07-13,2025-07-20,2025-07-20,0,1321.41
DEL000116,SUP002,CH005,2025-07-20,2025-07-27,2025-07-27,0,995.07
DEL000117,SUP012,CH004,2025-06-07,2025-06-25,2025-06-25,0,749.27
DEL000118,SUP006,CH004,2025-07-28,2025-08-15,2025-08-15,0,1635.19
DEL000119,SUP006,CH004,2025-08-01,2025-08-19,2025-08-19,0,1654.5
DEL000120,SUP006,CH004,2025-08-07,2025-08-25,2025-08-25,0,1245.5
DEL000121,SUP003,CH002,2025-12-08,2026-01-05,2026-01-05,0,1098.38
DEL000122,SUP003,CH002,2025-12-10,2026-01-07,2026-01-07,0,1791.52
DEL000123,SUP003,CH004,2025-07-20,2025-08-07,2025-08-07,0,1099.47
DEL000124,SUP003,CH004,2025-07-27,2025-08-14,2025-08-14,0,1728.56
DEL000125,SUP003,CH004,2025-08-01,2025-08-19,2025-08-27,8,1735.64
DEL000126,SUP002,CH004,2025-12-01,2025-12-19,2025-12-19,0,1025.74
DEL000127,SUP002,CH004,2025-12-05,2025-12-23,2025-12-23,0,815.21
DEL000128,SUP012,CH003,2025-01-25,2025-01-28,2025-01-31,3,1580.42
DEL000129,SUP012,CH003,2025-01-29,2025-02-01,2025-02-01,0,1448.93
DEL000130,SUP011,CH003,2025-06-04,2025-06-07,2025-06-07,0,1293.21
DEL000131,SUP014,CH002,2025-04-24,2025-05-22,2025-05-22,0,1338.49
DEL000132,SUP006,CH005,2025-01-24,2025-01-31,2025-02-14,14,501.32
DEL000133,SUP014,CH003,2026-01-06,2026-01-09,2026-01-09,0,1144.31
DEL000134,SUP014,CH003,2026-01-11,2026-01-14,2026-01-14,0,1190.59
DEL000135,SUP006,CH004,2025-01-06,2025-01-24,2025-01-24,0,927.13
DEL000136,SUP006,CH004,2025-01-10,2025-01-28,2025-01-28,0,778.46
DEL000137,SUP006,CH004,2025-01-13,2025-01-31,2025-01-31,0,1161.17
DEL000138,SUP013,CH002,2025-05-30,2025-06-27,2025-07-01,4,754.37
DEL000139,SUP013,CH002,2025-06-03,2025-07-01,2025-07-01,0,1332.95
DEL000140,SUP001,CH002,2025-03-18,2025-04-15,2025-04-15,0,401.64
DEL000141,SUP002,CH005,2026-02-12,2026-02-19,2026-03-06,15,1788.94
DEL000142,SUP013,CH002,2025-01-10,2025-02-07,2025-02-07,0,1194.87
DEL000143,SUP011,CH003,2026-02-03,2026-02-06,2026-02-06,0,1537.99
DEL000144,SUP012,CH004,2025-05-20,2025-06-07,2025-06-07,0,1177.23
DEL000145,SUP012,CH004,2025-05-24,2025-06-11,2025-06-11,0,1284.19
DEL000146,SUP007,CH001,2025-09-04,2025-09-14,2025-09-14,0,1023.33
DEL000147,SUP007,CH001,2025-09-03,2025-09-13,2025-09-13,0,852.74
DEL000148,SUP007,CH001,2025-09-11,2025-09-21,2025-09-21,0,832.01
DEL000149,SUP013,CH002,2025-03-17,2025-04-14,2025-04-14,0,1574.37
DEL000150,SUP007,CH001,2026-03-25,2026-04-04,2026-04-04,0,806.48
DEL000151,SUP007,CH001,2026-03-25,2026-04-04,2026-04-04,0,1452.74
DEL000152,SUP007,CH001,2026-04-02,2026-04-12,2026-04-12,0,1646.36
DEL000153,SUP009,CH001,2025-11-15,2025-11-25,2025-11-25,0,803.43
DEL000154,SUP004,CH001,2025-01-16,2025-01-26,2025-01-26,0,1129.58
DEL000155,SUP004,CH001,2025-01-18,2025-01-28,2025-01-28,0,1696.61
DEL000156,SUP004,CH001,2025-01-21,2025-01-31,2025-01-31,0,830.57
DEL000157,SUP014,CH002,2025-04-02,2025-04-30,2025-04-30,0,1609.66
DEL000158,SUP014,CH002,2025-04-05,2025-05-03,2025-05-03,0,949.47
DEL000159,SUP014,CH002,2025-04-09,2025-05-07,2025-05-07,0,992.81
DEL000160,SUP005,CH001,2026-03-11,2026-03-21,2026-03-21,0,1642.63
DEL000161,SUP006,CH001,2025-12-16,2025-12-26,2025-12-26,0,687.15
DEL000162,SUP006,CH001,2025-12-17,2025-12-27,2025-12-27,0,1553.28
DEL000163,SUP006,CH001,2025-12-23,2026-01-02,2026-01-02,0,605.21
DEL000164,SUP004,CH002,2025-09-05,2025-10-03,2025-10-03,0,847.77
DEL000165,SUP004,CH002,2025-09-08,2025-10-06,2025-10-06,0,393.05
DEL000166,SUP004,CH002,2025-09-13,2025-10-11,2025-10-11,0,1554.37
DEL000167,SUP001,CH001,2025-10-09,2025-10-19,2025-11-02,14,1562.14
DEL000168,SUP004,CH005,2025-11-22,2025-11-29,2025-11-29,0,458.01
DEL000169,SUP004,CH005,2025-11-23,2025-11-30,2025-11-30,0,1443.77
DEL000170,SUP003,CH005,2025-06-02,2025-06-09,2025-06-09,0,410.81
DEL000171,SUP003,CH005,2025-06-04,2025-06-11,2025-06-11,0,1725.13
DEL000172,SUP014,CH001,2026-03-07,2026-03-17,2026-03-23,6,390.33
DEL000173,SUP014,CH001,2026-03-11,2026-03-21,2026-03-21,0,944.02
DEL000174,SUP008,CH003,2025-06-01,2025-06-04,2025-06-04,0,1386.58
DEL000175,SUP008,CH003,2025-06-05,2025-06-08,2025-06-21,13,746.22
DEL000176,SUP006,CH004,2026-02-24,2026-03-14,2026-03-14,0,1469.82
DEL000177,SUP006,CH004,2026-02-28,2026-03-18,2026-03-18,0,900.78
DEL000178,SUP001,CH002,2025-05-13,2025-06-10,2025-06-16,6,933.22
DEL000179,SUP001,CH002,2025-05-20,2025-06-17,2025-06-17,0,1674.96
DEL000180,SUP001,CH002,2025-05-23,2025-06-20,2025-06-20,0,1255.92
DEL000181,SUP003,CH001,2025-10-31,2025-11-10,2025-11-25,15,1627.98
DEL000182,SUP003,CH001,2025-11-01,2025-11-11,2025-11-11,0,683.97
DEL000183,SUP003,CH001,2025-11-05,2025-11-15,2025-11-15,0,1351.65
DEL000184,SUP008,CH002,2025-07-04,2025-08-01,2025-08-01,0,853.05
DEL000185,SUP008,CH002,2025-07-10,2025-08-07,2025-08-20,13,1267.98
DEL000186,SUP008,CH002,2025-07-11,2025-08-08,2025-08-08,0,231.63
DEL000187,SUP002,CH003,2026-02-11,2026-02-14,2026-02-28,14,406.98
DEL000188,SUP002,CH003,2026-02-14,2026-02-17,2026-02-23,6,1279.58
DEL000189,SUP002,CH003,2026-02-15,2026-02-18,2026-03-05,15,1322.23
DEL000190,SUP011,CH004,2025-09-04,2025-09-22,2025-09-22,0,1761.81
DEL000191,SUP011,CH004,2025-09-10,2025-09-28,2025-09-28,0,237.16
DEL000192,SUP012,CH004,2025-09-04,2025-09-22,2025-09-22,0,1566.38
DEL000193,SUP012,CH004,2025-09-11,2025-09-29,2025-09-29,0,1211.52
DEL000194,SUP011,CH001,2025-09-10,2025-09-20,2025-09-20,0,1765.13
DEL000195,SUP006,CH004,2026-02-22,2026-03-12,2026-03-12,0,584.36
DEL000196,SUP006,CH004,2026-02-28,2026-03-18,2026-03-18,0,612.49
DEL000197,SUP006,CH004,2026-03-04,2026-03-22,2026-03-22,0,1505.69
DEL000198,SUP008,CH004,2025-07-06,2025-07-24,2025-07-24,0,1542.68
DEL000199,SUP008,CH001,2025-06-03,2025-06-13,2025-06-13,0,508.15
DEL000200,SUP008,CH001,2025-06-09,2025-06-19,2025-06-19,0,1191.47
DEL000201,SUP008,CH001,2025-06-12,2025-06-22,2025-07-07,15,420.8
DEL000202,SUP005,CH003,2025-09-27,2025-09-30,2025-10-12,12,482.17
DEL000203,SUP013,CH004,2026-01-13,2026-01-31,2026-01-31,0,1787.27
DEL000204,SUP013,CH004,2026-01-20,2026-02-07,2026-02-07,0,352.32
DEL000205,SUP008,CH004,2025-11-07,2025-11-25,2025-11-25,0,765.34
DEL000206,SUP008,CH004,2025-11-10,2025-11-28,2025-11-28,0,866.67
DEL000207,SUP003,CH002,2025-07-01,2025-07-29,2025-07-29,0,430.25
DEL000208,SUP012,CH003,2025-09-19,2025-09-22,2025-10-01,9,200.83
DEL000209,SUP010,CH004,2025-01-28,2025-02-15,2025-02-15,0,468.8
DEL000210,SUP010,CH004,2025-02-02,2025-02-20,2025-02-20,0,1517.0
DEL000211,SUP010,CH004,2025-02-05,2025-02-23,2025-03-08,13,831.17
DEL000212,SUP003,CH001,2025-09-08,2025-09-18,2025-09-18,0,943.49
DEL000213,SUP008,CH005,2025-05-26,2025-06-02,2025-06-02,0,337.57
DEL000214,SUP008,CH005,2025-05-26,2025-06-02,2025-06-02,0,837.61
DEL000215,SUP002,CH005,2025-03-23,2025-03-30,2025-03-30,0,1600.13
DEL000216,SUP007,CH005,2025-07-24,2025-07-31,2025-07-31,0,1081.45
DEL000217,SUP007,CH005,2025-07-31,2025-08-07,2025-08-22,15,977.91
DEL000218,SUP011,CH001,2025-09-30,2025-10-10,2025-10-10,0,816.59
DEL000219,SUP011,CH001,2025-10-08,2025-10-18,2025-10-18,0,703.6
DEL000220,SUP004,CH004,2025-07-24,2025-08-11,2025-08-11,0,1631.22
DEL000221,SUP004,CH004,2025-08-01,2025-08-19,2025-08-19,0,951.93
DEL000222,SUP013,CH004,2025-03-22,2025-04-09,2025-04-09,0,358.65
DEL000223,SUP013,CH004,2025-03-29,2025-04-16,2025-04-16,0,1576.45
DEL000224,SUP007,CH002,2025-03-30,2025-04-27,2025-04-27,0,1621.38
DEL000225,SUP007,CH002,2025-04-01,2025-04-29,2025-05-02,3,1191.31
DEL000226,SUP011,CH004,2025-02-23,2025-03-13,2025-03-13,0,1794.68
DEL000227,SUP011,CH004,2025-03-03,2025-03-21,2025-03-21,0,718.3
DEL000228,SUP011,CH004,2025-03-03,2025-03-21,2025-03-21,0,472.55
DEL000229,SUP010,CH003,2025-09-20,2025-09-23,2025-09-23,0,836.04
DEL000230,SUP010,CH003,2025-09-28,2025-10-01,2025-10-12,11,509.13
DEL000231,SUP015,CH004,2025-05-31,2025-06-18,2025-06-18,0,1692.45
DEL000232,SUP015,CH004,2025-06-03,2025-06-21,2025-06-21,0,938.91
DEL000233,SUP002,CH001,2025-05-16,2025-05-26,2025-05-26,0,351.42
DEL000234,SUP002,CH001,2025-05-21,2025-05-31,2025-05-31,0,543.26
DEL000235,SUP002,CH001,2025-05-26,2025-06-05,2025-06-05,0,611.88
DEL000236,SUP003,CH004,2025-08-31,2025-09-18,2025-09-29,11,827.98
DEL000237,SUP008,CH005,2026-03-07,2026-03-14,2026-03-14,0,1100.27
DEL000238,SUP008,CH005,2026-03-08,2026-03-15,2026-03-15,0,1563.43
DEL000239,SUP013,CH003,2025-04-24,2025-04-27,2025-04-27,0,1606.02
DEL000240,SUP013,CH003,2025-04-29,2025-05-02,2025-05-02,0,456.94
DEL000241,SUP001,CH002,2025-09-15,2025-10-13,2025-10-13,0,1741.73
DEL000242,SUP001,CH002,2025-09-21,2025-10-19,2025-11-03,15,1605.04
DEL000243,SUP004,CH001,2025-09-30,2025-10-10,2025-10-10,0,1771.43
DEL000244,SUP006,CH003,2025-08-07,2025-08-10,2025-08-18,8,1471.6
DEL000245,SUP006,CH003,2025-08-11,2025-08-14,2025-08-14,0,1598.93
DEL000246,SUP005,CH002,2025-05-12,2025-06-09,2025-06-09,0,1269.33
DEL000247,SUP005,CH002,2025-05-18,2025-06-15,2025-06-15,0,264.15
DEL000248,SUP013,CH003,2025-09-21,2025-09-24,2025-10-03,9,354.9
DEL000249,SUP013,CH003,2025-09-27,2025-09-30,2025-09-30,0,1494.35
DEL000250,SUP007,CH001,2025-07-10,2025-07-20,2025-07-20,0,257.44
DEL000251,SUP007,CH001,2025-07-14,2025-07-24,2025-07-24,0,264.64
DEL000252,SUP007,CH001,2025-07-19,2025-07-29,2025-08-12,14,1697.4
DEL000253,SUP013,CH004,2025-12-15,2026-01-02,2026-01-02,0,1107.92
DEL000254,SUP013,CH004,2025-12-18,2026-01-05,2026-01-10,5,697.05
DEL000255,SUP013,CH004,2025-12-24,2026-01-11,2026-01-11,0,350.86
DEL000256,SUP001,CH002,2025-11-06,2025-12-04,2025-12-04,0,1547.45
DEL000257,SUP001,CH002,2025-11-09,2025-12-07,2025-12-07,0,1073.08
DEL000258,SUP014,CH001,2025-03-03,2025-03-13,2025-03-13,0,930.25
DEL000259,SUP014,CH001,2025-03-09,2025-03-19,2025-03-19,0,826.41
DEL000260,SUP014,CH001,2025-03-13,2025-03-23,2025-03-23,0,913.72
DEL000261,SUP007,CH005,2025-02-07,2025-02-14,2025-02-14,0,1761.18
DEL000262,SUP007,CH005,2025-02-10,2025-02-17,2025-02-17,0,1697.88
DEL000263,SUP008,CH003,2026-01-30,2026-02-02,2026-02-02,0,1659.92
DEL000264,SUP007,CH002,2025-04-03,2025-05-01,2025-05-01,0,1582.62
DEL000265,SUP007,CH002,2025-04-08,2025-05-06,2025-05-06,0,344.93
DEL000266,SUP010,CH004,2025-08-05,2025-08-23,2025-08-23,0,1064.76
DEL000267,SUP010,CH004,2025-08-10,2025-08-28,2025-08-28,0,1276.57
DEL000268,SUP010,CH004,2025-08-12,2025-08-30,2025-08-30,0,1355.05
DEL000269,SUP005,CH002,2026-02-16,2026-03-16,2026-03-16,0,898.67
DEL000270,SUP007,CH001,2025-08-29,2025-09-08,2025-09-16,8,1148.73
DEL000271,SUP007,CH001,2025-09-01,2025-09-11,2025-09-22,11,1770.22
DEL000272,SUP004,CH001,2025-01-10,2025-01-20,2025-01-20,0,1237.09
DEL000273,SUP004,CH001,2025-01-19,2025-01-29,2025-01-29,0,1569.97
DEL000274,SUP004,CH001,2025-01-20,2025-01-30,2025-01-30,0,1260.05
DEL000275,SUP009,CH004,2025-12-21,2026-01-08,2026-01-08,0,935.54
DEL000276,SUP009,CH004,2025-12-26,2026-01-13,2026-01-13,0,517.73
DEL000277,SUP006,CH004,2025-06-20,2025-07-08,2025-07-08,0,516.27
DEL000278,SUP012,CH002,2026-03-13,2026-04-10,2026-04-10,0,772.29
DEL000279,SUP001,CH003,2025-12-24,2025-12-27,2026-01-03,7,1080.38
DEL000280,SUP005,CH001,2026-01-11,2026-01-21,2026-01-21,0,1512.89
DEL000281,SUP005,CH001,2026-01-19,2026-01-29,2026-01-29,0,947.98
DEL000282,SUP005,CH001,2026-01-24,2026-02-03,2026-02-03,0,636.49
DEL000283,SUP006,CH004,2025-12-08,2025-12-26,2025-12-26,0,1688.01
DEL000284,SUP006,CH004,2025-12-11,2025-12-29,2025-12-29,0,1181.63
DEL000285,SUP006,CH004,2025-12-20,2026-01-07,2026-01-07,0,937.49
DEL000286,SUP013,CH005,2025-12-13,2025-12-20,2025-12-20,0,1109.07
DEL000287,SUP013,CH005,2025-12-18,2025-12-25,2025-12-25,0,560.28
DEL000288,SUP013,CH001,2026-01-18,2026-01-28,2026-01-28,0,702.96
DEL000289,SUP013,CH001,2026-01-23,2026-02-02,2026-02-02,0,1170.08
DEL000290,SUP013,CH001,2026-01-24,2026-02-03,2026-02-03,0,674.08
DEL000291,SUP008,CH004,2025-06-10,2025-06-28,2025-06-28,0,1534.59
DEL000292,SUP006,CH005,2026-03-07,2026-03-14,2026-03-14,0,1661.26
DEL000293,SUP010,CH002,2026-01-05,2026-02-02,2026-02-02,0,1743.23
DEL000294,SUP010,CH002,2026-01-08,2026-02-05,2026-02-05,0,892.02
DEL000295,SUP010,CH002,2026-01-15,2026-02-12,2026-02-12,0,805.31
DEL000296,SUP015,CH003,2025-12-23,2025-12-26,2025-12-31,5,1030.26
DEL000297,SUP015,CH003,2025-12-23,2025-12-26,2025-12-26,0,1395.32
DEL000298,SUP009,CH004,2025-03-16,2025-04-03,2025-04-03,0,1578.9
DEL000299,SUP009,CH004,2025-03-22,2025-04-09,2025-04-09,0,858.95
DEL000300,SUP007,CH004,2025-11-14,2025-12-02,2025-12-02,0,356.46
DEL000301,SUP007,CH004,2025-11-17,2025-12-05,2025-12-05,0,496.6
DEL000302,SUP007,CH004,2025-11-18,2025-12-06,2025-12-06,0,1652.17
DEL000303,SUP001,CH004,2025-05-14,2025-06-01,2025-06-07,6,1710.08
DEL000304,SUP001,CH004,2025-05-17,2025-06-04,2025-06-04,0,838.71
DEL000305,SUP014,CH005,2025-05-02,2025-05-09,2025-05-09,0,1667.83
DEL000306,SUP014,CH005,2025-05-03,2025-05-10,2025-05-10,0,280.86
DEL000307,SUP013,CH005,2026-01-19,2026-01-26,2026-01-26,0,1701.62
DEL000308,SUP013,CH005,2026-01-23,2026-01-30,2026-01-30,0,1391.63
DEL000309,SUP003,CH002,2026-02-03,2026-03-03,2026-03-03,0,1004.6
DEL000310,SUP003,CH002,2026-02-05,2026-03-05,2026-03-05,0,832.16
DEL000311,SUP003,CH002,2026-02-14,2026-03-14,2026-03-14,0,1378.44
DEL000312,SUP009,CH005,2026-02-19,2026-02-26,2026-02-26,0,1354.94
DEL000313,SUP009,CH005,2026-02-25,2026-03-04,2026-03-04,0,763.28
DEL000314,SUP004,CH001,2025-06-11,2025-06-21,2025-06-21,0,1600.86
DEL000315,SUP015,CH002,2025-02-20,2025-03-20,2025-03-20,0,682.11
DEL000316,SUP015,CH002,2025-02-20,2025-03-20,2025-03-20,0,1253.57
DEL000317,SUP008,CH003,2025-06-06,2025-06-09,2025-06-09,0,288.34
DEL000318,SUP014,CH002,2025-07-27,2025-08-24,2025-08-24,0,281.41
DEL000319,SUP014,CH002,2025-08-01,2025-08-29,2025-08-29,0,1393.71
DEL000320,SUP014,CH002,2025-08-03,2025-08-31,2025-08-31,0,1050.07
DEL000321,SUP005,CH001,2025-07-06,2025-07-16,2025-07-16,0,1336.03
DEL000322,SUP005,CH001,2025-07-12,2025-07-22,2025-07-22,0,961.81
DEL000323,SUP015,CH002,2025-12-03,2025-12-31,2025-12-31,0,759.3
DEL000324,SUP015,CH002,2025-12-12,2026-01-09,2026-01-15,6,1644.63
DEL000325,SUP015,CH001,2026-03-17,2026-03-27,2026-03-27,0,392.18
DEL000326,SUP009,CH003,2025-04-08,2025-04-11,2025-04-11,0,1128.38
DEL000327,SUP009,CH003,2025-04-12,2025-04-15,2025-04-15,0,1611.48
DEL000328,SUP009,CH003,2025-04-18,2025-04-21,2025-04-21,0,915.83
DEL000329,SUP013,CH002,2025-08-26,2025-09-23,2025-09-23,0,594.16
DEL000330,SUP013,CH002,2025-09-03,2025-10-01,2025-10-01,0,324.39
DEL000331,SUP013,CH002,2025-09-06,2025-10-04,2025-10-04,0,1302.24
DEL000332,SUP004,CH002,2025-10-23,2025-11-20,2025-11-20,0,1194.98
DEL000333,SUP008,CH005,2025-07-26,2025-08-02,2025-08-02,0,1292.14
DEL000334,SUP014,CH003,2025-10-05,2025-10-08,2025-10-08,0,579.3
DEL000335,SUP013,CH001,2025-07-25,2025-08-04,2025-08-04,0,1191.55
DEL000336,SUP013,CH001,2025-07-26,2025-08-05,2025-08-05,0,1045.85
DEL000337,SUP008,CH003,2025-10-21,2025-10-24,2025-10-24,0,1674.7
DEL000338,SUP008,CH003,2025-10-25,2025-10-28,2025-10-28,0,920.92
DEL000339,SUP014,CH001,2025-08-04,2025-08-14,2025-08-14,0,1430.79
DEL000340,SUP010,CH004,2025-01-08,2025-01-26,2025-01-26,0,467.78
DEL000341,SUP013,CH004,2025-03-17,2025-04-04,2025-04-04,0,1649.27
DEL000342,SUP005,CH002,2026-03-09,2026-04-06,2026-04-06,0,659.03
DEL000343,SUP005,CH002,2026-03-12,2026-04-09,2026-04-09,0,1789.64
DEL000344,SUP013,CH005,2025-05-06,2025-05-13,2025-05-13,0,1045.67
DEL000345,SUP013,CH005,2025-05-10,2025-05-17,2025-05-17,0,1776.07
DEL000346,SUP002,CH005,2025-07-19,2025-07-26,2025-07-26,0,1097.24
DEL000347,SUP002,CH005,2025-07-24,2025-07-31,2025-07-31,0,853.32
DEL000348,SUP002,CH005,2025-07-31,2025-08-07,2025-08-07,0,403.56
DEL000349,SUP004,CH003,2025-06-02,2025-06-05,2025-06-05,0,1086.37
DEL000350,SUP004,CH003,2025-06-07,2025-06-10,2025-06-10,0,483.2
DEL000351,SUP004,CH003,2025-06-15,2025-06-18,2025-06-24,6,287.9
DEL000352,SUP007,CH005,2026-02-24,2026-03-03,2026-03-03,0,1484.4
DEL000353,SUP007,CH005,2026-03-01,2026-03-08,2026-03-08,0,440.06
DEL000354,SUP007,CH005,2026-03-07,2026-03-14,2026-03-14,0,1725.04
DEL000355,SUP010,CH002,2026-02-01,2026-03-01,2026-03-01,0,273.54
DEL000356,SUP010,CH002,2026-02-05,2026-03-05,2026-03-17,12,902.69
DEL000357,SUP010,CH002,2026-02-08,2026-03-08,2026-03-08,0,1496.83
DEL000358,SUP003,CH001,2025-10-07,2025-10-17,2025-10-17,0,268.08
DEL000359,SUP001,CH004,2025-10-01,2025-10-19,2025-10-27,8,1519.06
DEL000360,SUP001,CH004,2025-10-07,2025-10-25,2025-10-25,0,228.58
DEL000361,SUP006,CH005,2025-04-08,2025-04-15,2025-04-15,0,1649.44
DEL000362,SUP006,CH005,2025-04-11,2025-04-18,2025-04-18,0,325.05
DEL000363,SUP006,CH005,2025-04-11,2025-04-18,2025-04-18,0,867.61
DEL000364,SUP004,CH004,2025-10-10,2025-10-28,2025-10-28,0,1558.37
DEL000365,SUP008,CH004,2025-02-10,2025-02-28,2025-02-28,0,790.38
DEL000366,SUP008,CH004,2025-02-14,2025-03-04,2025-03-04,0,942.28
DEL000367,SUP005,CH005,2025-09-27,2025-10-04,2025-10-04,0,1189.86
DEL000368,SUP005,CH005,2025-10-05,2025-10-12,2025-10-12,0,1779.7
DEL000369,SUP005,CH005,2025-10-08,2025-10-15,2025-10-15,0,313.99
DEL000370,SUP013,CH004,2025-11-05,2025-11-23,2025-11-23,0,1032.12
DEL000371,SUP013,CH004,2025-11-08,2025-11-26,2025-11-26,0,1724.76
DEL000372,SUP013,CH004,2025-11-11,2025-11-29,2025-11-29,0,982.82
DEL000373,SUP011,CH002,2025-02-24,2025-03-24,2025-03-24,0,423.66
DEL000374,SUP008,CH002,2025-01-25,2025-02-22,2025-02-28,6,1183.02
DEL000375,SUP008,CH002,2025-01-29,2025-02-26,2025-03-09,11,222.04
DEL000376,SUP015,CH001,2025-07-29,2025-08-08,2025-08-08,0,1048.71
DEL000377,SUP015,CH001,2025-07-29,2025-08-08,2025-08-08,0,751.73
DEL000378,SUP015,CH001,2025-08-02,2025-08-12,2025-08-12,0,1452.51
DEL000379,SUP012,CH001,2026-01-17,2026-01-27,2026-01-27,0,1686.66
DEL000380,SUP012,CH001,2026-01-21,2026-01-31,2026-01-31,0,1075.18
DEL000381,SUP012,CH001,2026-01-21,2026-01-31,2026-02-15,15,924.01
DEL000382,SUP014,CH004,2025-02-23,2025-03-13,2025-03-13,0,409.47
DEL000383,SUP005,CH003,2025-04-09,2025-04-12,2025-04-22,10,1688.17
DEL000384,SUP005,CH003,2025-04-12,2025-04-15,2025-04-15,0,614.14
DEL000385,SUP005,CH003,2025-04-18,2025-04-21,2025-04-21,0,647.18
DEL000386,SUP007,CH003,2026-01-29,2026-02-01,2026-02-16,15,682.24
DEL000387,SUP007,CH003,2026-01-30,2026-02-02,2026-02-10,8,1288.06
DEL000388,SUP014,CH004,2025-08-01,2025-08-19,2025-08-19,0,1346.8
DEL000389,SUP014,CH004,2025-08-06,2025-08-24,2025-08-24,0,1115.12
DEL000390,SUP010,CH005,2025-06-18,2025-06-25,2025-06-25,0,398.3
DEL000391,SUP010,CH005,2025-06-18,2025-06-25,2025-06-25,0,409.2
DEL000392,SUP010,CH005,2025-06-27,2025-07-04,2025-07-04,0,1336.57
DEL000393,SUP015,CH003,2026-03-03,2026-03-06,2026-03-06,0,1053.2
DEL000394,SUP015,CH003,2026-03-04,2026-03-07,2026-03-07,0,222.6
DEL000395,SUP015,CH003,2026-03-11,2026-03-14,2026-03-20,6,373.2
DEL000396,SUP007,CH002,2025-12-11,2026-01-08,2026-01-08,0,805.79
DEL000397,SUP007,CH002,2025-12-19,2026-01-16,2026-01-16,0,343.57
DEL000398,SUP010,CH001,2025-06-07,2025-06-17,2025-06-17,0,1006.75
DEL000399,SUP006,CH001,2026-03-24,2026-04-03,2026-04-03,0,1632.81
DEL000400,SUP003,CH001,2025-12-17,2025-12-27,2025-12-27,0,350.95
DEL000401,SUP003,CH001,2025-12-18,2025-12-28,2025-12-28,0,349.23
DEL000402,SUP003,CH001,2025-12-21,2025-12-31,2025-12-31,0,1478.76
DEL000403,SUP002,CH001,2025-01-22,2025-02-01,2025-02-01,0,267.93
DEL000404,SUP002,CH001,2025-01-23,2025-02-02,2025-02-02,0,828.38
DEL000405,SUP002,CH001,2025-01-26,2025-02-05,2025-02-05,0,1629.99
DEL000406,SUP006,CH004,2026-02-02,2026-02-20,2026-02-20,0,1004.29
DEL000407,SUP012,CH001,2025-07-12,2025-07-22,2025-07-22,0,610.75
DEL000408,SUP012,CH001,2025-07-15,2025-07-25,2025-07-25,0,1748.15
DEL000409,SUP007,CH004,2025-09-21,2025-10-09,2025-10-09,0,1134.66
DEL000410,SUP007,CH004,2025-09-24,2025-10-12,2025-10-12,0,1102.18
DEL000411,SUP013,CH002,2026-02-26,2026-03-26,2026-03-26,0,389.88
DEL000412,SUP013,CH001,2025-04-30,2025-05-10,2025-05-10,0,1348.9
DEL000413,SUP013,CH001,2025-05-04,2025-05-14,2025-05-14,0,366.64
DEL000414,SUP013,CH001,2025-05-11,2025-05-21,2025-05-21,0,971.8
DEL000415,SUP001,CH002,2025-07-26,2025-08-23,2025-08-23,0,1715.99
DEL000416,SUP001,CH002,2025-08-03,2025-08-31,2025-08-31,0,504.07
DEL000417,SUP001,CH002,2025-08-05,2025-09-02,2025-09-02,0,307.45
DEL000418,SUP013,CH003,2025-09-29,2025-10-02,2025-10-02,0,1602.03
DEL000419,SUP013,CH003,2025-10-04,2025-10-07,2025-10-07,0,1059.48
DEL000420,SUP013,CH005,2025-08-02,2025-08-09,2025-08-09,0,515.14
DEL000421,SUP013,CH005,2025-08-06,2025-08-13,2025-08-13,0,752.61
DEL000422,SUP007,CH005,2025-10-13,2025-10-20,2025-10-20,0,1035.17
DEL000423,SUP007,CH005,2025-10-19,2025-10-26,2025-10-26,0,293.95
DEL000424,SUP007,CH005,2025-10-25,2025-11-01,2025-11-01,0,933.4
DEL000425,SUP009,CH005,2025-11-16,2025-11-23,2025-11-23,0,1590.98
DEL000426,SUP013,CH004,2025-09-29,2025-10-17,2025-10-17,0,546.03
DEL000427,SUP013,CH004,2025-10-03,2025-10-21,2025-10-21,0,500.97
DEL000428,SUP013,CH004,2025-10-08,2025-10-26,2025-10-31,5,1620.85
DEL000429,SUP006,CH004,2025-11-20,2025-12-08,2025-12-08,0,263.24
DEL000430,SUP011,CH003,2025-02-08,2025-02-11,2025-02-11,0,1410.4
DEL000431,SUP011,CH003,2025-02-09,2025-02-12,2025-02-12,0,719.43
DEL000432,SUP011,CH003,2025-02-14,2025-02-17,2025-02-17,0,1157.07
DEL000433,SUP001,CH002,2025-10-14,2025-11-11,2025-11-11,0,489.13
DEL000434,SUP001,CH002,2025-10-18,2025-11-15,2025-11-21,6,1422.52
DEL000435,SUP001,CH002,2025-10-25,2025-11-22,2025-12-06,14,307.16
DEL000436,SUP007,CH001,2025-01-14,2025-01-24,2025-01-24,0,996.8
DEL000437,SUP007,CH001,2025-01-19,2025-01-29,2025-01-29,0,421.73
DEL000438,SUP007,CH001,2025-01-23,2025-02-02,2025-02-02,0,1108.39
DEL000439,SUP014,CH003,2026-01-31,2026-02-03,2026-02-03,0,1357.99
DEL000440,SUP013,CH004,2025-11-26,2025-12-14,2025-12-18,4,290.06
DEL000441,SUP013,CH004,2025-12-04,2025-12-22,2025-12-22,0,881.99
DEL000442,SUP013,CH004,2025-12-05,2025-12-23,2025-12-23,0,1001.06
DEL000443,SUP015,CH003,2026-02-07,2026-02-10,2026-02-10,0,1618.14
DEL000444,SUP015,CH003,2026-02-16,2026-02-19,2026-02-19,0,869.72
DEL000445,SUP015,CH003,2026-02-19,2026-02-22,2026-02-22,0,939.56
DEL000446,SUP002,CH002,2025-07-16,2025-08-13,2025-08-26,13,1163.39
DEL000447,SUP002,CH002,2025-07-23,2025-08-20,2025-08-20,0,1556.27
DEL000448,SUP002,CH002,2025-07-24,2025-08-21,2025-08-25,4,275.6
DEL000449,SUP013,CH005,2025-05-19,2025-05-26,2025-05-26,0,217.5
DEL000450,SUP013,CH005,2025-05-21,2025-05-28,2025-05-28,0,1088.41
DEL000451,SUP006,CH002,2025-04-02,2025-04-30,2025-04-30,0,1089.4
DEL000452,SUP006,CH002,2025-04-05,2025-05-03,2025-05-03,0,1759.34
DEL000453,SUP001,CH003,2026-03-03,2026-03-06,2026-03-15,9,578.72
DEL000454,SUP001,CH003,2026-03-02,2026-03-05,2026-03-05,0,398.15
DEL000455,SUP011,CH005,2025-02-02,2025-02-09,2025-02-09,0,309.79
DEL000456,SUP011,CH005,2025-02-11,2025-02-18,2025-02-18,0,1411.76
DEL000457,SUP011,CH005,2025-02-15,2025-02-22,2025-02-22,0,715.94
DEL000458,SUP006,CH003,2025-11-23,2025-11-26,2025-11-26,0,1409.79
DEL000459,SUP006,CH003,2025-11-29,2025-12-02,2025-12-05,3,1063.1
DEL000460,SUP006,CH003,2025-12-01,2025-12-04,2025-12-04,0,278.52
DEL000461,SUP003,CH003,2025-08-08,2025-08-11,2025-08-11,0,1199.62
DEL000462,SUP003,CH003,2025-08-14,2025-08-17,2025-08-21,4,1043.84
DEL000463,SUP014,CH001,2025-05-06,2025-05-16,2025-05-16,0,1523.91
DEL000464,SUP013,CH004,2025-06-22,2025-07-10,2025-07-10,0,789.17
DEL000465,SUP013,CH004,2025-06-30,2025-07-18,2025-07-18,0,797.41
DEL000466,SUP004,CH004,2026-02-20,2026-03-10,2026-03-10,0,1505.17
DEL000467,SUP004,CH004,2026-03-01,2026-03-19,2026-03-19,0,377.31
DEL000468,SUP004,CH004,2026-03-04,2026-03-22,2026-03-22,0,843.42
DEL000469,SUP007,CH004,2025-04-02,2025-04-20,2025-04-20,0,538.79
DEL000470,SUP007,CH004,2025-04-07,2025-04-25,2025-05-04,9,1292.82
DEL000471,SUP015,CH005,2025-12-19,2025-12-26,2025-12-26,0,1227.71
DEL000472,SUP009,CH005,2026-03-01,2026-03-08,2026-03-08,0,1538.63
DEL000473,SUP009,CH005,2026-03-04,2026-03-11,2026-03-11,0,1077.78
DEL000474,SUP007,CH001,2026-03-28,2026-04-07,2026-04-07,0,1659.53
DEL000475,SUP007,CH001,2026-04-04,2026-04-14,2026-04-14,0,1526.54
DEL000476,SUP007,CH001,2026-04-08,2026-04-18,2026-04-18,0,1222.74
DEL000477,SUP013,CH005,2025-08-25,2025-09-01,2025-09-01,0,803.65
DEL000478,SUP013,CH005,2025-08-30,2025-09-06,2025-09-06,0,899.18
DEL000479,SUP013,CH005,2025-09-02,2025-09-09,2025-09-09,0,1044.07
DEL000480,SUP008,CH001,2026-02-07,2026-02-17,2026-02-17,0,1069.29
DEL000481,SUP008,CH001,2026-02-10,2026-02-20,2026-02-20,0,656.35
DEL000482,SUP012,CH001,2025-10-19,2025-10-29,2025-10-29,0,1285.3
DEL000483,SUP012,CH001,2025-10-27,2025-11-06,2025-11-06,0,266.0
DEL000484,SUP012,CH001,2025-10-30,2025-11-09,2025-11-09,0,225.29
DEL000485,SUP007,CH001,2025-10-29,2025-11-08,2025-11-08,0,1314.76
DEL000486,SUP007,CH001,2025-11-04,2025-11-14,2025-11-14,0,241.63
DEL000487,SUP015,CH005,2025-03-01,2025-03-08,2025-03-08,0,734.97
DEL000488,SUP013,CH001,2025-01-09,2025-01-19,2025-01-19,0,1244.11
DEL000489,SUP013,CH001,2025-01-12,2025-01-22,2025-01-22,0,1661.31
DEL000490,SUP006,CH001,2025-08-19,2025-08-29,2025-08-29,0,1405.54
DEL000491,SUP006,CH001,2025-08-22,2025-09-01,2025-09-01,0,572.08
DEL000492,SUP006,CH001,2025-08-23,2025-09-02,2025-09-02,0,988.54
DEL000493,SUP013,CH003,2026-02-06,2026-02-09,2026-02-09,0,1516.91
DEL000494,SUP001,CH002,2025-04-06,2025-05-04,2025-05-19,15,1690.92
DEL000495,SUP001,CH002,2025-04-05,2025-05-03,2025-05-03,0,748.16
DEL000496,SUP001,CH002,2025-04-11,2025-05-09,2025-05-24,15,994.5
DEL000497,SUP009,CH002,2025-02-11,2025-03-11,2025-03-11,0,1516.7
DEL000498,SUP013,CH002,2025-06-24,2025-07-22,2025-07-22,0,665.68
DEL000499,SUP013,CH002,2025-06-27,2025-07-25,2025-07-25,0,1263.33
DEL000500,SUP013,CH002,2025-07-03,2025-07-31,2025-07-31,0,872.26
DEL000501,SUP003,CH003,2025-04-23,2025-04-26,2025-04-26,0,1104.75
DEL000502,SUP003,CH003,2025-04-26,2025-04-29,2025-04-29,0,834.48
DEL000503,SUP003,CH003,2025-04-27,2025-04-30,2025-05-05,5,1489.31
DEL000504,SUP014,CH004,2025-08-15,2025-09-02,2025-09-02,0,837.83
DEL000505,SUP001,CH003,2025-08-18,2025-08-21,2025-08-21,0,1508.54
DEL000506,SUP014,CH005,2025-11-16,2025-11-23,2025-11-23,0,1132.29
DEL000507,SUP014,CH005,2025-11-19,2025-11-26,2025-11-26,0,1274.25
DEL000508,SUP012,CH003,2025-12-06,2025-12-09,2025-12-09,0,1599.76
DEL000509,SUP007,CH002,2025-03-26,2025-04-23,2025-04-23,0,1302.0
DEL000510,SUP007,CH002,2025-03-28,2025-04-25,2025-04-25,0,1335.29
DEL000511,SUP007,CH002,2025-04-03,2025-05-01,2025-05-01,0,567.92
DEL000512,SUP006,CH002,2025-06-11,2025-07-09,2025-07-09,0,423.2
DEL000513,SUP009,CH002,2025-01-18,2025-02-15,2025-02-15,0,1491.92
DEL000514,SUP009,CH002,2025-01-23,2025-02-20,2025-02-20,0,1385.3
DEL000515,SUP009,CH002,2025-01-24,2025-02-21,2025-02-21,0,204.33
DEL000516,SUP008,CH005,2025-07-01,2025-07-08,2025-07-08,0,1047.4
DEL000517,SUP008,CH005,2025-07-08,2025-07-15,2025-07-15,0,479.96
DEL000518,SUP005,CH004,2025-02-14,2025-03-04,2025-03-04,0,995.24
DEL000519,SUP005,CH004,2025-02-18,2025-03-08,2025-03-08,0,1358.42
DEL000520,SUP001,CH001,2025-09-04,2025-09-14,2025-09-14,0,1591.49
DEL000521,SUP001,CH001,2025-09-06,2025-09-16,2025-09-16,0,1244.46
DEL000522,SUP012,CH001,2025-11-07,2025-11-17,2025-11-17,0,1280.55
DEL000523,SUP012,CH001,2025-11-07,2025-11-17,2025-11-17,0,1619.88
DEL000524,SUP006,CH002,2025-03-19,2025-04-16,2025-04-16,0,615.59
DEL000525,SUP006,CH002,2025-03-23,2025-04-20,2025-05-03,13,1220.46
DEL000526,SUP006,CH002,2025-03-24,2025-04-21,2025-04-21,0,1307.02
DEL000527,SUP013,CH001,2025-04-24,2025-05-04,2025-05-04,0,1781.52
DEL000528,SUP013,CH001,2025-04-24,2025-05-04,2025-05-04,0,765.26
DEL000529,SUP007,CH001,2025-08-31,2025-09-10,2025-09-10,0,726.05
DEL000530,SUP007,CH001,2025-09-04,2025-09-14,2025-09-14,0,1309.61
DEL000531,SUP001,CH005,2025-01-25,2025-02-01,2025-02-01,0,1154.76
DEL000532,SUP009,CH004,2025-09-15,2025-10-03,2025-10-14,11,1729.38
DEL000533,SUP009,CH004,2025-09-20,2025-10-08,2025-10-08,0,551.99
DEL000534,SUP009,CH004,2025-09-23,2025-10-11,2025-10-11,0,555.13
DEL000535,SUP003,CH001,2026-01-29,2026-02-08,2026-02-08,0,1239.72
DEL000536,SUP003,CH001,2026-02-01,2026-02-11,2026-02-18,7,1459.11
DEL000537,SUP003,CH001,2026-02-05,2026-02-15,2026-02-15,0,535.08
DEL000538,SUP011,CH001,2025-07-21,2025-07-31,2025-07-31,0,890.11
DEL000539,SUP011,CH001,2025-07-26,2025-08-05,2025-08-05,0,1257.39
DEL000540,SUP011,CH001,2025-07-31,2025-08-10,2025-08-10,0,863.08
DEL000541,SUP001,CH001,2025-11-06,2025-11-16,2025-11-16,0,398.17
DEL000542,SUP001,CH001,2025-11-13,2025-11-23,2025-11-23,0,257.96
DEL000543,SUP015,CH003,2025-09-12,2025-09-15,2025-09-21,6,546.87
DEL000544,SUP015,CH003,2025-09-14,2025-09-17,2025-09-17,0,201.58
DEL000545,SUP014,CH001,2025-07-03,2025-07-13,2025-07-13,0,554.92
DEL000546,SUP012,CH004,2025-06-04,2025-06-22,2025-06-22,0,1770.04
DEL000547,SUP012,CH004,2025-06-04,2025-06-22,2025-06-22,0,1778.72
DEL000548,SUP012,CH004,2025-06-10,2025-06-28,2025-06-28,0,1196.91
DEL000549,SUP008,CH002,2026-03-18,2026-04-15,2026-04-15,0,806.6
DEL000550,SUP008,CH002,2026-03-21,2026-04-18,2026-04-18,0,292.16
DEL000551,SUP005,CH003,2025-07-05,2025-07-08,2025-07-08,0,1277.62
DEL000552,SUP005,CH003,2025-07-10,2025-07-13,2025-07-18,5,1567.03
DEL000553,SUP005,CH003,2025-07-14,2025-07-17,2025-07-17,0,211.97
DEL000554,SUP003,CH001,2025-11-18,2025-11-28,2025-11-28,0,1141.03
DEL000555,SUP003,CH001,2025-11-24,2025-12-04,2025-12-04,0,1150.87
DEL000556,SUP003,CH001,2025-11-30,2025-12-10,2025-12-10,0,1266.93
DEL000557,SUP001,CH002,2025-09-13,2025-10-11,2025-10-22,11,1778.6
DEL000558,SUP001,CH002,2025-09-17,2025-10-15,2025-10-26,11,869.24
DEL000559,SUP001,CH002,2025-09-22,2025-10-20,2025-10-20,0,1600.47
DEL000560,SUP008,CH005,2026-03-02,2026-03-09,2026-03-09,0,738.21
DEL000561,SUP008,CH005,2026-03-04,2026-03-11,2026-03-11,0,1662.43
DEL000562,SUP013,CH004,2025-01-12,2025-01-30,2025-01-30,0,1068.71
DEL000563,SUP013,CH004,2025-01-15,2025-02-02,2025-02-02,0,1118.15
DEL000564,SUP013,CH004,2025-01-17,2025-02-04,2025-02-04,0,405.09
DEL000565,SUP011,CH004,2025-08-03,2025-08-21,2025-08-21,0,1345.81
DEL000566,SUP011,CH004,2025-08-09,2025-08-27,2025-08-27,0,645.15
DEL000567,SUP001,CH004,2025-12-03,2025-12-21,2025-12-30,9,1078.22
DEL000568,SUP007,CH004,2025-02-04,2025-02-22,2025-02-22,0,1078.33
DEL000569,SUP007,CH004,2025-02-07,2025-02-25,2025-02-25,0,1248.18
DEL000570,SUP001,CH001,2025-03-03,2025-03-13,2025-03-13,0,1150.55
DEL000571,SUP001,CH001,2025-03-08,2025-03-18,2025-03-30,12,1439.07
DEL000572,SUP001,CH001,2025-03-14,2025-03-24,2025-03-28,4,1401.34
DEL000573,SUP013,CH002,2025-05-04,2025-06-01,2025-06-01,0,346.5
DEL000574,SUP013,CH002,2025-05-07,2025-06-04,2025-06-04,0,1387.73
DEL000575,SUP013,CH002,2025-05-08,2025-06-05,2025-06-12,7,627.09
DEL000576,SUP012,CH003,2026-01-24,2026-01-27,2026-02-03,7,568.17
DEL000577,SUP012,CH003,2026-01-25,2026-01-28,2026-01-28,0,1188.46
DEL000578,SUP007,CH002,2026-02-19,2026-03-19,2026-03-19,0,1423.56
DEL000579,SUP007,CH002,2026-02-23,2026-03-23,2026-03-23,0,937.57
DEL000580,SUP007,CH002,2026-03-01,2026-03-29,2026-03-29,0,597.88
DEL000581,SUP009,CH002,2025-04-09,2025-05-07,2025-05-07,0,992.86
DEL000582,SUP009,CH003,2025-08-02,2025-08-05,2025-08-13,8,1612.49
DEL000583,SUP013,CH001,2025-05-27,2025-06-06,2025-06-06,0,917.53
DEL000584,SUP013,CH001,2025-06-02,2025-06-12,2025-06-12,0,1357.69
DEL000585,SUP015,CH003,2026-03-15,2026-03-18,2026-03-18,0,555.12
DEL000586,SUP013,CH001,2025-04-18,2025-04-28,2025-04-28,0,528.42
DEL000587,SUP013,CH001,2025-04-22,2025-05-02,2025-05-02,0,1599.72
DEL000588,SUP013,CH001,2025-04-25,2025-05-05,2025-05-05,0,1743.33
DEL000589,SUP013,CH004,2025-03-04,2025-03-22,2025-03-22,0,471.9
DEL000590,SUP012,CH004,2026-03-05,2026-03-23,2026-03-23,0,1281.63
DEL000591,SUP012,CH004,2026-03-09,2026-03-27,2026-03-27,0,1700.33
DEL000592,SUP012,CH004,2026-03-12,2026-03-30,2026-03-30,0,1337.86
DEL000593,SUP013,CH001,2025-09-27,2025-10-07,2025-10-07,0,632.98
DEL000594,SUP005,CH004,2026-03-28,2026-04-15,2026-04-15,0,504.67
DEL000595,SUP005,CH004,2026-04-01,2026-04-19,2026-04-19,0,1302.24
DEL000596,SUP005,CH004,2026-04-07,2026-04-25,2026-04-25,0,1641.77
DEL000597,SUP008,CH003,2025-09-06,2025-09-09,2025-09-09,0,290.91
DEL000598,SUP008,CH003,2025-09-06,2025-09-09,2025-09-09,0,476.84
DEL000599,SUP011,CH001,2025-06-23,2025-07-03,2025-07-03,0,1338.75
DEL000600,SUP002,CH002,2025-10-17,2025-11-14,2025-11-14,0,398.06
DEL000601,SUP004,CH005,2025-10-04,2025-10-11,2025-10-11,0,699.36
DEL000602,SUP001,CH003,2025-02-02,2025-02-05,2025-02-05,0,1161.29
DEL000603,SUP001,CH003,2025-02-01,2025-02-04,2025-02-07,3,322.62
DEL000604,SUP001,CH003,2025-02-06,2025-02-09,2025-02-09,0,1275.18
DEL000605,SUP001,CH005,2025-03-26,2025-04-02,2025-04-06,4,783.49
DEL000606,SUP001,CH005,2025-03-31,2025-04-07,2025-04-07,0,1699.22
DEL000607,SUP003,CH005,2025-12-10,2025-12-17,2025-12-17,0,1363.22
DEL000608,SUP001,CH004,2025-03-10,2025-03-28,2025-04-02,5,1085.49
DEL000609,SUP011,CH003,2025-08-12,2025-08-15,2025-08-25,10,1690.87
DEL000610,SUP002,CH005,2025-03-18,2025-03-25,2025-03-25,0,205.79
DEL000611,SUP002,CH005,2025-03-22,2025-03-29,2025-03-29,0,1322.03
DEL000612,SUP013,CH001,2025-02-18,2025-02-28,2025-02-28,0,638.79
DEL000613,SUP013,CH001,2025-02-19,2025-03-01,2025-03-01,0,1492.53
DEL000614,SUP010,CH001,2026-03-22,2026-04-01,2026-04-01,0,379.4
DEL000615,SUP010,CH001,2026-03-26,2026-04-05,2026-04-05,0,412.07
DEL000616,SUP005,CH001,2025-02-20,2025-03-02,2025-03-02,0,1100.75
DEL000617,SUP013,CH003,2025-06-01,2025-06-04,2025-06-04,0,1483.05
DEL000618,SUP008,CH002,2025-09-13,2025-10-11,2025-10-11,0,982.36
DEL000619,SUP008,CH002,2025-09-17,2025-10-15,2025-10-15,0,362.3
DEL000620,SUP014,CH004,2026-01-02,2026-01-20,2026-01-20,0,314.84
DEL000621,SUP006,CH002,2025-01-10,2025-02-07,2025-02-07,0,1722.47
DEL000622,SUP006,CH002,2025-01-18,2025-02-15,2025-02-15,0,1226.66
DEL000623,SUP005,CH001,2026-03-11,2026-03-21,2026-03-21,0,718.12
DEL000624,SUP005,CH001,2026-03-16,2026-03-26,2026-03-26,0,253.78
DEL000625,SUP005,CH001,2026-03-18,2026-03-28,2026-03-28,0,1221.97
DEL000626,SUP008,CH001,2025-02-14,2025-02-24,2025-02-24,0,1352.73
DEL000627,SUP008,CH001,2025-02-20,2025-03-02,2025-03-02,0,979.17
DEL000628,SUP012,CH001,2025-01-07,2025-01-17,2025-01-17,0,609.5
DEL000629,SUP012,CH001,2025-01-16,2025-01-26,2025-02-09,14,240.8
DEL000630,SUP009,CH001,2025-02-02,2025-02-12,2025-02-12,0,667.03
DEL000631,SUP009,CH001,2025-02-08,2025-02-18,2025-02-18,0,697.96
DEL000632,SUP009,CH004,2025-02-20,2025-03-10,2025-03-10,0,850.4
DEL000633,SUP009,CH004,2025-02-24,2025-03-14,2025-03-14,0,639.95
DEL000634,SUP013,CH002,2025-04-17,2025-05-15,2025-05-15,0,744.22
DEL000635,SUP013,CH002,2025-04-18,2025-05-16,2025-05-16,0,1275.02
DEL000636,SUP006,CH004,2026-01-12,2026-01-30,2026-02-08,9,261.96
DEL000637,SUP012,CH004,2025-02-27,2025-03-17,2025-03-17,0,1284.71
DEL000638,SUP012,CH004,2025-03-03,2025-03-21,2025-03-21,0,753.94
DEL000639,SUP001,CH004,2025-05-07,2025-05-25,2025-05-25,0,1310.47
DEL000640,SUP005,CH004,2025-06-05,2025-06-23,2025-07-07,14,461.09
DEL000641,SUP009,CH005,2026-01-24,2026-01-31,2026-01-31,0,658.79
DEL000642,SUP009,CH005,2026-01-29,2026-02-05,2026-02-05,0,1296.4
DEL000643,SUP009,CH003,2025-09-10,2025-09-13,2025-09-19,6,1317.81
DEL000644,SUP009,CH003,2025-09-17,2025-09-20,2025-09-20,0,1683.09
DEL000645,SUP009,CH003,2025-09-18,2025-09-21,2025-09-24,3,1236.74
DEL000646,SUP005,CH003,2025-11-15,2025-11-18,2025-11-18,0,1025.44
DEL000647,SUP011,CH003,2025-06-21,2025-06-24,2025-07-03,9,679.22
DEL000648,SUP011,CH003,2025-06-22,2025-06-25,2025-07-08,13,1560.45
DEL000649,SUP004,CH001,2025-05-12,2025-05-22,2025-05-22,0,1045.86
DEL000650,SUP009,CH001,2025-11-07,2025-11-17,2025-11-17,0,1092.16
DEL000651,SUP009,CH001,2025-11-09,2025-11-19,2025-11-25,6,1099.11
DEL000652,SUP014,CH001,2026-03-28,2026-04-07,2026-04-12,5,782.98
DEL000653,SUP014,CH001,2026-03-28,2026-04-07,2026-04-07,0,724.96
DEL000654,SUP006,CH001,2025-11-07,2025-11-17,2025-11-20,3,1785.39
DEL000655,SUP006,CH001,2025-11-09,2025-11-19,2025-11-19,0,232.71
DEL000656,SUP006,CH001,2025-11-17,2025-11-27,2025-11-27,0,1463.29
DEL000657,SUP001,CH001,2025-06-12,2025-06-22,2025-06-22,0,1191.54
DEL000658,SUP001,CH001,2025-06-14,2025-06-24,2025-06-24,0,902.74
DEL000659,SUP001,CH001,2025-06-17,2025-06-27,2025-06-27,0,855.2
DEL000660,SUP008,CH005,2025-06-21,2025-06-28,2025-06-28,0,1328.38
DEL000661,SUP008,CH005,2025-06-27,2025-07-04,2025-07-04,0,1399.57
DEL000662,SUP008,CH005,2025-07-02,2025-07-09,2025-07-09,0,1141.23
DEL000663,SUP007,CH003,2025-04-08,2025-04-11,2025-04-11,0,1347.29
DEL000664,SUP007,CH003,2025-04-10,2025-04-13,2025-04-13,0,1566.72
DEL000665,SUP007,CH003,2025-04-19,2025-04-22,2025-05-02,10,1231.8
DEL000666,SUP009,CH001,2026-03-18,2026-03-28,2026-03-28,0,644.92
DEL000667,SUP009,CH001,2026-03-21,2026-03-31,2026-03-31,0,1754.02
DEL000668,SUP007,CH005,2025-11-22,2025-11-29,2025-11-29,0,1424.6
DEL000669,SUP007,CH005,2025-11-22,2025-11-29,2025-11-29,0,375.45
DEL000670,SUP007,CH005,2025-11-29,2025-12-06,2025-12-06,0,373.74
DEL000671,SUP014,CH001,2025-08-18,2025-08-28,2025-08-28,0,463.01
DEL000672,SUP014,CH001,2025-08-25,2025-09-04,2025-09-04,0,447.11
DEL000673,SUP014,CH001,2025-08-27,2025-09-06,2025-09-06,0,1617.42
DEL000674,SUP008,CH004,2025-07-25,2025-08-12,2025-08-12,0,383.11
DEL000675,SUP008,CH004,2025-07-29,2025-08-16,2025-08-16,0,750.46
DEL000676,SUP010,CH005,2026-01-31,2026-02-07,2026-02-07,0,1196.31
DEL000677,SUP013,CH001,2025-08-16,2025-08-26,2025-08-26,0,972.65
DEL000678,SUP008,CH002,2026-01-08,2026-02-05,2026-02-05,0,913.17
DEL000679,SUP009,CH002,2025-03-09,2025-04-06,2025-04-06,0,317.94
DEL000680,SUP009,CH002,2025-03-12,2025-04-09,2025-04-09,0,842.72
DEL000681,SUP015,CH003,2025-09-29,2025-10-02,2025-10-02,0,1486.21
DEL000682,SUP015,CH003,2025-10-03,2025-10-06,2025-10-12,6,1796.28
DEL000683,SUP007,CH005,2025-01-23,2025-01-30,2025-01-30,0,408.04
DEL000684,SUP007,CH005,2025-01-28,2025-02-04,2025-02-04,0,1696.88
DEL000685,SUP007,CH005,2025-02-02,2025-02-09,2025-02-09,0,518.33
DEL000686,SUP009,CH004,2025-03-11,2025-03-29,2025-03-29,0,1164.09
DEL000687,SUP009,CH004,2025-03-15,2025-04-02,2025-04-02,0,455.58
DEL000688,SUP008,CH002,2026-01-17,2026-02-14,2026-02-14,0,1536.82
DEL000689,SUP013,CH004,2025-07-03,2025-07-21,2025-07-21,0,1158.17
DEL000690,SUP013,CH005,2025-12-20,2025-12-27,2025-12-27,0,248.34
DEL000691,SUP013,CH005,2025-12-25,2026-01-01,2026-01-01,0,822.93
DEL000692,SUP001,CH004,2025-12-13,2025-12-31,2026-01-06,6,694.8
DEL000693,SUP001,CH004,2025-12-17,2026-01-04,2026-01-11,7,453.65
DEL000694,SUP001,CH004,2025-12-21,2026-01-08,2026-01-22,14,540.28
DEL000695,SUP007,CH004,2026-02-20,2026-03-10,2026-03-10,0,808.0
DEL000696,SUP009,CH001,2025-04-12,2025-04-22,2025-04-22,0,1465.08
DEL000697,SUP009,CH001,2025-04-13,2025-04-23,2025-04-23,0,1114.43
DEL000698,SUP008,CH003,2025-05-21,2025-05-24,2025-06-02,9,351.29
DEL000699,SUP011,CH003,2025-09-29,2025-10-02,2025-10-08,6,347.61
DEL000700,SUP011,CH003,2025-10-04,2025-10-07,2025-10-07,0,877.74
DEL000701,SUP013,CH001,2025-05-12,2025-05-22,2025-05-22,0,590.5
DEL000702,SUP005,CH004,2025-07-11,2025-07-29,2025-07-29,0,1272.15
DEL000703,SUP005,CH002,2026-01-07,2026-02-04,2026-02-04,0,1531.79
DEL000704,SUP005,CH002,2026-01-12,2026-02-09,2026-02-09,0,960.33
DEL000705,SUP005,CH002,2026-01-16,2026-02-13,2026-02-13,0,1511.56
DEL000706,SUP014,CH003,2026-01-24,2026-01-27,2026-01-27,0,1651.04
DEL000707,SUP014,CH002,2025-07-28,2025-08-25,2025-08-25,0,1359.58
DEL000708,SUP014,CH002,2025-07-31,2025-08-28,2025-08-28,0,502.34
DEL000709,SUP014,CH002,2025-08-02,2025-08-30,2025-08-30,0,344.22
DEL000710,SUP015,CH004,2025-02-23,2025-03-13,2025-03-13,0,335.77
DEL000711,SUP015,CH004,2025-03-02,2025-03-20,2025-03-20,0,943.36
DEL000712,SUP015,CH004,2025-03-04,2025-03-22,2025-03-22,0,645.03
DEL000713,SUP012,CH002,2025-01-09,2025-02-06,2025-02-13,7,293.46
DEL000714,SUP012,CH002,2025-01-13,2025-02-10,2025-02-10,0,739.18
DEL000715,SUP015,CH001,2025-04-18,2025-04-28,2025-04-28,0,1508.51
DEL000716,SUP015,CH001,2025-04-19,2025-04-29,2025-04-29,0,325.21
DEL000717,SUP015,CH004,2025-08-14,2025-09-01,2025-09-01,0,561.9
DEL000718,SUP015,CH004,2025-08-21,2025-09-08,2025-09-08,0,1736.36
DEL000719,SUP015,CH004,2025-08-25,2025-09-12,2025-09-12,0,554.49
DEL000720,SUP009,CH005,2025-06-09,2025-06-16,2025-06-16,0,1238.26
DEL000721,SUP008,CH004,2025-09-16,2025-10-04,2025-10-09,5,451.92
DEL000722,SUP009,CH002,2025-07-29,2025-08-26,2025-08-26,0,420.09
DEL000723,SUP012,CH003,2026-02-04,2026-02-07,2026-02-07,0,647.72
DEL000724,SUP011,CH003,2025-03-12,2025-03-15,2025-03-15,0,249.73
DEL000725,SUP011,CH003,2025-03-15,2025-03-18,2025-03-18,0,724.55
DEL000726,SUP012,CH002,2025-09-07,2025-10-05,2025-10-05,0,952.29
DEL000727,SUP012,CH002,2025-09-12,2025-10-10,2025-10-10,0,1296.95
DEL000728,SUP013,CH001,2026-03-26,2026-04-05,2026-04-05,0,1244.2
DEL000729,SUP013,CH001,2026-03-26,2026-04-05,2026-04-05,0,1371.71
DEL000730,SUP006,CH005,2026-03-13,2026-03-20,2026-03-20,0,786.79
DEL000731,SUP001,CH002,2025-07-13,2025-08-10,2025-08-10,0,900.06
DEL000732,SUP001,CH002,2025-07-17,2025-08-14,2025-08-17,3,245.15
DEL000733,SUP003,CH004,2025-08-05,2025-08-23,2025-08-23,0,1192.18
DEL000734,SUP002,CH002,2025-10-31,2025-11-28,2025-12-08,10,859.7
DEL000735,SUP005,CH005,2026-04-01,2026-04-08,2026-04-08,0,1663.36
DEL000736,SUP005,CH005,2026-04-03,2026-04-10,2026-04-10,0,1759.11
DEL000737,SUP005,CH005,2026-04-08,2026-04-15,2026-04-15,0,1686.29
DEL000738,SUP007,CH002,2026-03-25,2026-04-22,2026-04-22,0,1679.39
DEL000739,SUP005,CH003,2025-08-28,2025-08-31,2025-09-04,4,429.36
DEL000740,SUP013,CH005,2025-12-01,2025-12-08,2025-12-08,0,1500.65
DEL000741,SUP013,CH003,2025-08-01,2025-08-04,2025-08-04,0,833.46
DEL000742,SUP013,CH003,2025-08-06,2025-08-09,2025-08-09,0,1256.74
DEL000743,SUP014,CH002,2025-12-18,2026-01-15,2026-01-15,0,531.77
DEL000744,SUP013,CH001,2025-05-27,2025-06-06,2025-06-06,0,1016.27
DEL000745,SUP013,CH004,2025-09-02,2025-09-20,2025-09-20,0,349.15
DEL000746,SUP010,CH001,2025-06-16,2025-06-26,2025-06-26,0,1610.75
DEL000747,SUP014,CH001,2025-05-28,2025-06-07,2025-06-07,0,1734.44
DEL000748,SUP014,CH001,2025-06-04,2025-06-14,2025-06-26,12,1149.34
DEL000749,SUP014,CH001,2025-06-04,2025-06-14,2025-06-14,0,833.55
DEL000750,SUP008,CH003,2026-03-07,2026-03-10,2026-03-18,8,453.07
DEL000751,SUP008,CH003,2026-03-11,2026-03-14,2026-03-14,0,431.97
DEL000752,SUP008,CH003,2026-03-16,2026-03-19,2026-03-22,3,287.64
DEL000753,SUP006,CH005,2025-10-23,2025-10-30,2025-10-30,0,1130.0
DEL000754,SUP006,CH005,2025-10-27,2025-11-03,2025-11-03,0,552.21
DEL000755,SUP003,CH003,2025-06-24,2025-06-27,2025-06-27,0,329.09
DEL000756,SUP003,CH003,2025-06-28,2025-07-01,2025-07-07,6,352.37
DEL000757,SUP003,CH003,2025-06-27,2025-06-30,2025-06-30,0,488.57
DEL000758,SUP004,CH005,2025-10-21,2025-10-28,2025-10-28,0,494.62
DEL000759,SUP004,CH005,2025-10-28,2025-11-04,2025-11-04,0,1179.56
DEL000760,SUP001,CH001,2025-03-13,2025-03-23,2025-04-07,15,1104.24
DEL000761,SUP008,CH002,2025-04-26,2025-05-24,2025-05-24,0,554.72
DEL000762,SUP008,CH002,2025-05-02,2025-05-30,2025-05-30,0,1474.35
DEL000763,SUP008,CH002,2025-05-05,2025-06-02,2025-06-02,0,1260.67
DEL000764,SUP008,CH003,2025-10-01,2025-10-04,2025-10-14,10,828.36
DEL000765,SUP008,CH003,2025-10-07,2025-10-10,2025-10-10,0,907.82
DEL000766,SUP008,CH002,2025-06-23,2025-07-21,2025-07-21,0,624.12
DEL000767,SUP008,CH002,2025-06-28,2025-07-26,2025-07-26,0,1075.47
DEL000768,SUP006,CH005,2026-03-07,2026-03-14,2026-03-14,0,832.18
DEL000769,SUP006,CH005,2026-03-11,2026-03-18,2026-03-18,0,1325.85
DEL000770,SUP006,CH005,2026-03-16,2026-03-23,2026-03-23,0,1462.63
DEL000771,SUP003,CH003,2025-09-28,2025-10-01,2025-10-01,0,1235.39
DEL000772,SUP003,CH003,2025-09-28,2025-10-01,2025-10-05,4,850.56
DEL000773,SUP003,CH003,2025-10-01,2025-10-04,2025-10-04,0,449.99
DEL000774,SUP013,CH003,2026-02-28,2026-03-03,2026-03-03,0,1062.84
DEL000775,SUP013,CH003,2026-03-05,2026-03-08,2026-03-17,9,1423.7
DEL000776,SUP013,CH003,2026-03-06,2026-03-09,2026-03-14,5,1145.72
DEL000777,SUP008,CH002,2025-05-30,2025-06-27,2025-06-27,0,1095.56
DEL000778,SUP008,CH002,2025-06-02,2025-06-30,2025-06-30,0,352.77
DEL000779,SUP008,CH002,2025-06-05,2025-07-03,2025-07-03,0,1029.73
DEL000780,SUP010,CH002,2025-11-29,2025-12-27,2025-12-27,0,628.6
DEL000781,SUP010,CH002,2025-12-03,2025-12-31,2025-12-31,0,708.78
DEL000782,SUP010,CH002,2025-12-08,2026-01-05,2026-01-05,0,1619.26
DEL000783,SUP002,CH005,2026-03-06,2026-03-13,2026-03-13,0,1477.49
DEL000784,SUP002,CH005,2026-03-13,2026-03-20,2026-03-20,0,1202.91
DEL000785,SUP002,CH005,2026-03-14,2026-03-21,2026-03-21,0,232.59
DEL000786,SUP007,CH004,2025-08-21,2025-09-08,2025-09-08,0,1046.36
DEL000787,SUP007,CH004,2025-08-28,2025-09-15,2025-09-15,0,959.07
DEL000788,SUP007,CH004,2025-08-28,2025-09-15,2025-09-15,0,896.14
DEL000789,SUP007,CH005,2025-01-18,2025-01-25,2025-01-25,0,1129.39
DEL000790,SUP015,CH001,2025-07-20,2025-07-30,2025-07-30,0,648.37
DEL000791,SUP009,CH005,2025-09-01,2025-09-08,2025-09-08,0,935.28
DEL000792,SUP012,CH002,2025-07-04,2025-08-01,2025-08-01,0,1088.89
DEL000793,SUP012,CH002,2025-07-08,2025-08-05,2025-08-05,0,1246.38
DEL000794,SUP012,CH002,2025-07-12,2025-08-09,2025-08-21,12,1319.08
DEL000795,SUP001,CH003,2025-06-12,2025-06-15,2025-06-29,14,311.38
DEL000796,SUP001,CH003,2025-06-12,2025-06-15,2025-06-23,8,1083.77
DEL000797,SUP001,CH003,2025-06-20,2025-06-23,2025-07-08,15,387.97
DEL000798,SUP008,CH004,2025-08-28,2025-09-15,2025-09-15,0,369.3
DEL000799,SUP015,CH004,2025-04-05,2025-04-23,2025-04-23,0,523.98
DEL000800,SUP015,CH004,2025-04-09,2025-04-27,2025-04-27,0,1108.08
DEL000801,SUP015,CH004,2025-04-15,2025-05-03,2025-05-08,5,1295.24
DEL000802,SUP002,CH001,2026-03-20,2026-03-30,2026-03-30,0,1596.4
DEL000803,SUP007,CH003,2025-03-14,2025-03-17,2025-03-17,0,307.46
DEL000804,SUP007,CH003,2025-03-20,2025-03-23,2025-03-23,0,1248.49
DEL000805,SUP007,CH003,2025-03-22,2025-03-25,2025-03-25,0,621.35
DEL000806,SUP008,CH002,2025-08-21,2025-09-18,2025-09-22,4,1049.21
DEL000807,SUP006,CH001,2025-03-31,2025-04-10,2025-04-10,0,646.42
DEL000808,SUP013,CH001,2025-08-04,2025-08-14,2025-08-14,0,876.67
DEL000809,SUP013,CH001,2025-08-04,2025-08-14,2025-08-14,0,965.62
DEL000810,SUP013,CH001,2025-08-12,2025-08-22,2025-08-22,0,267.31
DEL000811,SUP013,CH001,2025-08-23,2025-09-02,2025-09-17,15,1184.83
DEL000812,SUP013,CH001,2025-08-25,2025-09-04,2025-09-04,0,450.04
DEL000813,SUP003,CH004,2026-02-16,2026-03-06,2026-03-12,6,319.87
DEL000814,SUP003,CH004,2026-02-17,2026-03-07,2026-03-07,0,844.74
DEL000815,SUP003,CH004,2026-02-22,2026-03-12,2026-03-12,0,1300.9
DEL000816,SUP007,CH005,2025-09-25,2025-10-02,2025-10-02,0,1085.62
DEL000817,SUP007,CH005,2025-09-29,2025-10-06,2025-10-06,0,1476.86
DEL000818,SUP007,CH005,2025-10-06,2025-10-13,2025-10-21,8,1695.61
DEL000819,SUP008,CH001,2025-10-11,2025-10-21,2025-10-21,0,294.26
DEL000820,SUP008,CH001,2025-10-13,2025-10-23,2025-10-23,0,1544.09
DEL000821,SUP008,CH001,2025-10-16,2025-10-26,2025-10-26,0,308.19
DEL000822,SUP010,CH005,2026-01-31,2026-02-07,2026-02-20,13,1498.55
DEL000823,SUP005,CH002,2025-08-21,2025-09-18,2025-09-18,0,1719.42
DEL000824,SUP005,CH004,2025-04-20,2025-05-08,2025-05-08,0,309.36
DEL000825,SUP005,CH004,2025-04-26,2025-05-14,2025-05-23,9,1306.49
DEL000826,SUP005,CH004,2025-05-01,2025-05-19,2025-05-19,0,977.85
DEL000827,SUP012,CH003,2025-10-17,2025-10-20,2025-11-01,12,960.53
DEL000828,SUP012,CH003,2025-10-20,2025-10-23,2025-10-23,0,390.12
DEL000829,SUP006,CH005,2025-07-17,2025-07-24,2025-07-24,0,512.39
DEL000830,SUP007,CH004,2025-03-24,2025-04-11,2025-04-11,0,954.56
DEL000831,SUP015,CH005,2025-05-30,2025-06-06,2025-06-06,0,1131.2
DEL000832,SUP015,CH005,2025-05-31,2025-06-07,2025-06-07,0,1030.29
DEL000833,SUP015,CH005,2025-06-04,2025-06-11,2025-06-11,0,488.55
DEL000834,SUP007,CH005,2025-06-17,2025-06-24,2025-06-24,0,231.08
DEL000835,SUP006,CH001,2025-12-31,2026-01-10,2026-01-10,0,1600.04
DEL000836,SUP006,CH001,2026-01-06,2026-01-16,2026-01-16,0,283.65
DEL000837,SUP005,CH002,2025-11-24,2025-12-22,2025-12-22,0,222.36
DEL000838,SUP005,CH002,2025-11-28,2025-12-26,2025-12-26,0,488.5
DEL000839,SUP005,CH002,2025-12-01,2025-12-29,2025-12-29,0,1147.53
DEL000840,SUP014,CH002,2025-04-28,2025-05-26,2025-06-10,15,1643.13
DEL000841,SUP014,CH001,2025-05-21,2025-05-31,2025-05-31,0,578.06
DEL000842,SUP014,CH001,2025-05-28,2025-06-07,2025-06-07,0,265.39
DEL000843,SUP013,CH001,2025-05-06,2025-05-16,2025-05-16,0,810.16
DEL000844,SUP013,CH001,2025-05-11,2025-05-21,2025-05-31,10,1547.59
DEL000845,SUP015,CH003,2025-09-19,2025-09-22,2025-09-22,0,438.36
DEL000846,SUP014,CH001,2025-11-03,2025-11-13,2025-11-13,0,723.47
DEL000847,SUP014,CH001,2025-11-08,2025-11-18,2025-11-18,0,464.85
DEL000848,SUP014,CH001,2025-11-10,2025-11-20,2025-11-20,0,576.76
DEL000849,SUP009,CH004,2025-02-14,2025-03-04,2025-03-04,0,580.54
DEL000850,SUP011,CH003,2025-10-29,2025-11-01,2025-11-01,0,586.38
DEL000851,SUP011,CH003,2025-10-31,2025-11-03,2025-11-03,0,1441.33
DEL000852,SUP011,CH003,2025-11-05,2025-11-08,2025-11-08,0,1039.88
DEL000853,SUP009,CH005,2025-05-12,2025-05-19,2025-05-19,0,1432.89
DEL000854,SUP009,CH005,2025-05-18,2025-05-25,2025-05-25,0,409.03
DEL000855,SUP013,CH002,2025-08-01,2025-08-29,2025-08-29,0,1603.88
DEL000856,SUP013,CH002,2025-08-04,2025-09-01,2025-09-01,0,889.94
DEL000857,SUP013,CH002,2025-08-10,2025-09-07,2025-09-13,6,862.08
DEL000858,SUP007,CH005,2026-03-11,2026-03-18,2026-03-18,0,1432.97
DEL000859,SUP007,CH005,2026-03-17,2026-03-24,2026-03-24,0,1265.95
DEL000860,SUP007,CH005,2026-03-21,2026-03-28,2026-04-02,5,1783.45
DEL000861,SUP014,CH004,2025-01-17,2025-02-04,2025-02-04,0,654.01
DEL000862,SUP015,CH004,2025-04-15,2025-05-03,2025-05-03,0,1393.77
DEL000863,SUP015,CH004,2025-04-18,2025-05-06,2025-05-18,12,1325.98
DEL000864,SUP011,CH005,2025-10-24,2025-10-31,2025-10-31,0,259.46
DEL000865,SUP011,CH005,2025-10-28,2025-11-04,2025-11-04,0,1602.15
DEL000866,SUP011,CH005,2025-10-31,2025-11-07,2025-11-07,0,1514.2
DEL000867,SUP007,CH004,2026-01-23,2026-02-10,2026-02-10,0,1559.77
DEL000868,SUP007,CH004,2026-01-27,2026-02-14,2026-02-14,0,1430.5
DEL000869,SUP003,CH001,2025-02-09,2025-02-19,2025-02-19,0,524.35
DEL000870,SUP003,CH001,2025-02-10,2025-02-20,2025-02-20,0,490.9
DEL000871,SUP003,CH001,2025-02-14,2025-02-24,2025-02-24,0,1778.54
DEL000872,SUP003,CH005,2025-10-15,2025-10-22,2025-10-22,0,370.21
DEL000873,SUP003,CH005,2025-10-19,2025-10-26,2025-10-26,0,685.83
DEL000874,SUP003,CH005,2025-10-22,2025-10-29,2025-10-29,0,658.84
DEL000875,SUP006,CH003,2025-08-04,2025-08-07,2025-08-16,9,1701.78
DEL000876,SUP006,CH003,2025-08-10,2025-08-13,2025-08-27,14,1196.56
DEL000877,SUP012,CH004,2025-05-08,2025-05-26,2025-05-26,0,1237.62
DEL000878,SUP012,CH004,2025-05-12,2025-05-30,2025-05-30,0,521.07
DEL000879,SUP008,CH001,2025-03-28,2025-04-07,2025-04-07,0,544.12
DEL000880,SUP008,CH001,2025-03-28,2025-04-07,2025-04-07,0,401.99
DEL000881,SUP015,CH003,2026-01-19,2026-01-22,2026-02-05,14,1118.88
DEL000882,SUP015,CH003,2026-01-22,2026-01-25,2026-01-25,0,927.63
DEL000883,SUP013,CH001,2025-11-10,2025-11-20,2025-11-20,0,1599.84
DEL000884,SUP013,CH001,2025-11-15,2025-11-25,2025-11-25,0,690.37
DEL000885,SUP010,CH001,2026-03-25,2026-04-04,2026-04-04,0,411.82
DEL000886,SUP010,CH001,2026-04-02,2026-04-12,2026-04-12,0,274.5
DEL000887,SUP010,CH001,2026-04-07,2026-04-17,2026-04-17,0,1795.06
DEL000888,SUP015,CH003,2025-06-05,2025-06-08,2025-06-08,0,954.6
DEL000889,SUP015,CH003,2025-06-06,2025-06-09,2025-06-09,0,839.92
DEL000890,SUP014,CH001,2025-11-27,2025-12-07,2025-12-07,0,1764.01
DEL000891,SUP014,CH001,2025-12-03,2025-12-13,2025-12-13,0,797.75
DEL000892,SUP007,CH002,2025-05-01,2025-05-29,2025-05-29,0,754.25
DEL000893,SUP007,CH002,2025-05-05,2025-06-02,2025-06-02,0,1641.89
DEL000894,SUP013,CH003,2025-04-25,2025-04-28,2025-04-28,0,437.79
DEL000895,SUP012,CH005,2025-09-30,2025-10-07,2025-10-07,0,738.57
DEL000896,SUP012,CH005,2025-10-02,2025-10-09,2025-10-09,0,1168.28
DEL000897,SUP012,CH002,2025-12-22,2026-01-19,2026-01-19,0,1290.88
DEL000898,SUP012,CH002,2025-12-26,2026-01-23,2026-01-23,0,535.09
DEL000899,SUP009,CH001,2025-01-10,2025-01-20,2025-01-29,9,1187.41
DEL000900,SUP009,CH001,2025-01-16,2025-01-26,2025-01-26,0,514.68
DEL000901,SUP007,CH005,2025-04-26,2025-05-03,2025-05-03,0,304.35
DEL000902,SUP007,CH005,2025-04-30,2025-05-07,2025-05-07,0,1675.14
DEL000903,SUP007,CH005,2025-05-06,2025-05-13,2025-05-13,0,1111.43
DEL000904,SUP011,CH003,2025-05-06,2025-05-09,2025-05-17,8,914.53
DEL000905,SUP011,CH003,2025-05-13,2025-05-16,2025-05-16,0,331.07
DEL000906,SUP011,CH003,2025-05-13,2025-05-16,2025-05-16,0,693.78
DEL000907,SUP014,CH002,2025-10-28,2025-11-25,2025-11-25,0,710.24
DEL000908,SUP014,CH002,2025-10-29,2025-11-26,2025-11-26,0,985.73
DEL000909,SUP013,CH003,2025-03-07,2025-03-10,2025-03-10,0,1412.8
DEL000910,SUP008,CH004,2025-08-10,2025-08-28,2025-08-28,0,853.76
DEL000911,SUP008,CH004,2025-08-12,2025-08-30,2025-08-30,0,1289.55
DEL000912,SUP010,CH001,2025-09-20,2025-09-30,2025-09-30,0,1000.97
DEL000913,SUP010,CH001,2025-09-24,2025-10-04,2025-10-04,0,1343.28
DEL000914,SUP010,CH001,2025-09-30,2025-10-10,2025-10-10,0,858.05
DEL000915,SUP012,CH001,2025-11-03,2025-11-13,2025-11-13,0,1149.78
DEL000916,SUP013,CH002,2025-12-24,2026-01-21,2026-01-21,0,317.91
DEL000917,SUP013,CH002,2025-12-28,2026-01-25,2026-02-07,13,1606.29
DEL000918,SUP013,CH002,2025-12-31,2026-01-28,2026-01-28,0,886.52
DEL000919,SUP008,CH004,2025-05-06,2025-05-24,2025-05-24,0,1488.94
DEL000920,SUP006,CH003,2025-05-28,2025-05-31,2025-05-31,0,237.22
DEL000921,SUP006,CH003,2025-06-03,2025-06-06,2025-06-06,0,634.3
DEL000922,SUP005,CH002,2025-08-21,2025-09-18,2025-09-18,0,908.04
DEL000923,SUP005,CH002,2025-08-23,2025-09-20,2025-09-20,0,591.26
DEL000924,SUP001,CH001,2025-08-28,2025-09-07,2025-09-07,0,555.04
DEL000925,SUP001,CH001,2025-08-30,2025-09-09,2025-09-09,0,439.57
DEL000926,SUP001,CH001,2025-09-04,2025-09-14,2025-09-14,0,744.48
DEL000927,SUP003,CH005,2025-11-18,2025-11-25,2025-11-25,0,1799.54
DEL000928,SUP015,CH003,2025-05-29,2025-06-01,2025-06-01,0,969.45
DEL000929,SUP015,CH003,2025-06-06,2025-06-09,2025-06-09,0,1467.83
DEL000930,SUP013,CH003,2025-08-22,2025-08-25,2025-08-25,0,1607.1
DEL000931,SUP010,CH004,2025-08-21,2025-09-08,2025-09-08,0,819.83
DEL000932,SUP010,CH004,2025-08-30,2025-09-17,2025-09-17,0,1398.12
DEL000933,SUP010,CH004,2025-08-30,2025-09-17,2025-09-17,0,852.68
DEL000934,SUP010,CH005,2026-03-29,2026-04-05,2026-04-05,0,746.17
DEL000935,SUP010,CH005,2026-03-31,2026-04-07,2026-04-07,0,658.71
DEL000936,SUP006,CH002,2025-08-12,2025-09-09,2025-09-09,0,782.08
DEL000937,SUP006,CH002,2025-08-16,2025-09-13,2025-09-13,0,285.36
DEL000938,SUP003,CH003,2025-03-31,2025-04-03,2025-04-03,0,1452.94
DEL000939,SUP003,CH003,2025-04-05,2025-04-08,2025-04-08,0,564.5
DEL000940,SUP003,CH003,2025-04-08,2025-04-11,2025-04-11,0,564.46
DEL000941,SUP006,CH002,2025-04-24,2025-05-22,2025-05-22,0,454.51
DEL000942,SUP006,CH002,2025-04-25,2025-05-23,2025-05-29,6,792.72
DEL000943,SUP006,CH002,2025-05-01,2025-05-29,2025-05-29,0,313.28
DEL000944,SUP013,CH001,2025-10-11,2025-10-21,2025-10-21,0,533.25
DEL000945,SUP013,CH001,2025-10-15,2025-10-25,2025-10-25,0,1657.06
DEL000946,SUP013,CH001,2025-10-20,2025-10-30,2025-10-30,0,691.52
DEL000947,SUP005,CH004,2025-05-23,2025-06-10,2025-06-10,0,211.0
DEL000948,SUP005,CH004,2025-05-31,2025-06-18,2025-06-18,0,768.58
DEL000949,SUP005,CH003,2025-10-29,2025-11-01,2025-11-01,0,1184.37
DEL000950,SUP005,CH003,2025-11-03,2025-11-06,2025-11-06,0,466.62
DEL000951,SUP005,CH003,2025-11-07,2025-11-10,2025-11-10,0,1438.44
DEL000952,SUP004,CH003,2025-11-09,2025-11-12,2025-11-12,0,526.99
DEL000953,SUP007,CH004,2026-03-16,2026-04-03,2026-04-03,0,1671.16
DEL000954,SUP007,CH004,2026-03-21,2026-04-08,2026-04-08,0,1216.01
DEL000955,SUP008,CH003,2025-06-01,2025-06-04,2025-06-08,4,1562.63
DEL000956,SUP008,CH003,2025-06-02,2025-06-05,2025-06-05,0,1183.98
DEL000957,SUP008,CH003,2025-06-08,2025-06-11,2025-06-25,14,1615.22
DEL000958,SUP006,CH003,2026-03-12,2026-03-15,2026-03-28,13,454.59
DEL000959,SUP015,CH004,2026-01-13,2026-01-31,2026-01-31,0,1506.91
DEL000960,SUP009,CH001,2025-09-16,2025-09-26,2025-10-06,10,469.79
DEL000961,SUP009,CH001,2025-09-20,2025-09-30,2025-09-30,0,1675.07
DEL000962,SUP014,CH004,2025-05-20,2025-06-07,2025-06-07,0,670.92
DEL000963,SUP014,CH004,2025-05-23,2025-06-10,2025-06-10,0,1009.17
DEL000964,SUP008,CH004,2025-09-29,2025-10-17,2025-10-17,0,866.72
DEL000965,SUP008,CH004,2025-10-05,2025-10-23,2025-10-23,0,1699.78
DEL000966,SUP008,CH004,2025-10-10,2025-10-28,2025-10-28,0,782.97
DEL000967,SUP003,CH003,2025-02-27,2025-03-02,2025-03-02,0,1578.92
DEL000968,SUP003,CH003,2025-03-04,2025-03-07,2025-03-13,6,1183.05
DEL000969,SUP003,CH003,2025-03-05,2025-03-08,2025-03-16,8,660.93
DEL000970,SUP003,CH002,2025-09-21,2025-10-19,2025-10-19,0,1697.68
DEL000971,SUP003,CH002,2025-09-22,2025-10-20,2025-10-20,0,1426.72
DEL000972,SUP001,CH003,2026-02-26,2026-03-01,2026-03-05,4,1086.88
DEL000973,SUP001,CH003,2026-03-01,2026-03-04,2026-03-04,0,542.11
DEL000974,SUP001,CH003,2026-03-04,2026-03-07,2026-03-13,6,551.21
DEL000975,SUP006,CH004,2025-06-06,2025-06-24,2025-06-24,0,1194.37
DEL000976,SUP002,CH002,2025-04-16,2025-05-14,2025-05-14,0,1633.45
DEL000977,SUP001,CH002,2025-06-02,2025-06-30,2025-06-30,0,340.74
DEL000978,SUP001,CH002,2025-06-05,2025-07-03,2025-07-06,3,719.6
DEL000979,SUP001,CH002,2025-06-09,2025-07-07,2025-07-07,0,1703.24
DEL000980,SUP004,CH004,2025-05-19,2025-06-06,2025-06-06,0,1394.05
DEL000981,SUP004,CH004,2025-05-26,2025-06-13,2025-06-13,0,1346.29
DEL000982,SUP014,CH004,2026-01-16,2026-02-03,2026-02-09,6,206.85
DEL000983,SUP014,CH004,2026-01-20,2026-02-07,2026-02-07,0,1252.63
DEL000984,SUP014,CH004,2026-01-26,2026-02-13,2026-02-13,0,286.87
DEL000985,SUP015,CH003,2025-01-06,2025-01-09,2025-01-09,0,1173.47
DEL000986,SUP014,CH004,2026-02-09,2026-02-27,2026-02-27,0,908.88
DEL000987,SUP001,CH004,2026-02-04,2026-02-22,2026-03-04,10,475.45
DEL000988,SUP001,CH004,2026-02-08,2026-02-26,2026-03-06,8,231.55
DEL000989,SUP001,CH004,2026-02-13,2026-03-03,2026-03-18,15,317.09
DEL000990,SUP009,CH004,2026-02-16,2026-03-06,2026-03-06,0,917.97
DEL000991,SUP009,CH004,2026-02-18,2026-03-08,2026-03-08,0,396.28
DEL000992,SUP009,CH004,2026-02-19,2026-03-09,2026-03-09,0,358.02
DEL000993,SUP012,CH002,2025-07-17,2025-08-14,2025-08-21,7,577.43
DEL000994,SUP012,CH002,2025-07-22,2025-08-19,2025-08-19,0,849.51
DEL000995,SUP012,CH002,2025-07-29,2025-08-26,2025-08-26,0,494.62
DEL000996,SUP001,CH003,2025-11-22,2025-11-25,2025-12-10,15,689.51
DEL000997,SUP001,CH003,2025-11-24,2025-11-27,2025-11-27,0,1015.02
DEL000998,SUP013,CH002,2025-07-11,2025-08-08,2025-08-16,8,1486.45
DEL000999,SUP011,CH004,2025-05-01,2025-05-19,2025-05-19,0,510.4
DEL001000,SUP011,CH004,2025-05-05,2025-05-23,2025-05-23,0,447.78
DEL001001,SUP011,CH004,2025-05-12,2025-05-30,2025-06-06,7,724.61
DEL001002,SUP007,CH001,2026-02-11,2026-02-21,2026-02-21,0,811.0
DEL001003,SUP007,CH001,2026-02-16,2026-02-26,2026-02-26,0,484.46
DEL001004,SUP007,CH001,2026-02-17,2026-02-27,2026-02-27,0,805.4
DEL001005,SUP010,CH003,2025-05-22,2025-05-25,2025-05-25,0,1173.52
DEL001006,SUP004,CH001,2025-09-13,2025-09-23,2025-09-23,0,1786.24
DEL001007,SUP004,CH001,2025-09-18,2025-09-28,2025-09-28,0,1181.37
DEL001008,SUP004,CH001,2025-09-17,2025-09-27,2025-10-04,7,1797.91
DEL001009,SUP013,CH001,2025-10-16,2025-10-26,2025-10-26,0,755.14
DEL001010,SUP012,CH005,2025-07-18,2025-07-25,2025-07-25,0,725.03
DEL001011,SUP009,CH002,2025-08-13,2025-09-10,2025-09-19,9,1163.64
DEL001012,SUP009,CH002,2025-08-17,2025-09-14,2025-09-14,0,750.09
DEL001013,SUP003,CH005,2025-09-22,2025-09-29,2025-09-29,0,1440.97
DEL001014,SUP003,CH005,2025-09-30,2025-10-07,2025-10-07,0,643.41
