po_id,supplier_id,order_date,expected_delivery_date,status
PO00001,SUP005,2025-02-05,2025-02-22,Approved
PO00002,SUP014,2025-06-06,2025-06-30,Approved
PO00003,SUP006,2025-07-08,2025-07-21,Approved
PO00004,SUP007,2025-07-27,2025-08-06,Approved
PO00005,SUP009,2025-06-02,2025-06-16,Approved
PO00006,SUP007,2025-07-22,2025-08-14,Approved
PO00007,SUP015,2025-03-22,2025-04-02,Approved
PO00008,SUP013,2025-03-18,2025-03-31,Approved
PO00009,SUP014,2025-07-18,2025-07-28,Approved
PO00010,SUP012,2025-08-23,2025-09-14,Approved
PO00011,SUP008,2025-04-20,2025-05-10,Approved
PO00012,SUP011,2025-09-04,2025-09-17,Approved
PO00013,SUP008,2025-03-10,2025-03-19,Approved
PO00014,SUP010,2025-01-10,2025-01-23,Approved
PO00015,SUP013,2025-11-20,2025-11-28,Approved
PO00016,SUP015,2025-09-19,2025-10-09,Approved
PO00017,SUP004,2025-05-09,2025-05-26,Approved
PO00018,SUP012,2025-07-14,2025-08-01,Approved
PO00019,SUP006,2025-12-25,2026-01-12,Approved
PO00020,SUP008,2025-04-17,2025-04-26,Approved
PO00021,SUP014,2025-03-07,2025-03-17,Approved
PO00022,SUP002,2025-11-03,2025-11-19,Approved
PO00023,SUP001,2025-06-18,2025-07-10,Approved
PO00024,SUP012,2025-12-27,2026-01-08,Approved
PO00025,SUP003,2025-03-04,2025-03-15,Approved
PO00026,SUP008,2026-01-20,2026-02-10,Approved
PO00027,SUP008,2025-10-04,2025-10-13,Approved
PO00028,SUP010,2025-03-17,2025-03-27,Approved
PO00029,SUP010,2025-08-10,2025-08-20,Approved
PO00030,SUP013,2025-10-24,2025-11-12,Approved
PO00031,SUP010,2025-02-08,2025-02-25,Approved
PO00032,SUP012,2025-06-12,2025-06-30,Approved
PO00033,SUP006,2025-05-22,2025-05-30,Approved
PO00034,SUP014,2025-07-23,2025-08-14,Approved
PO00035,SUP013,2026-01-04,2026-01-19,Approved
PO00036,SUP009,2025-12-02,2025-12-12,Approved
PO00037,SUP005,2025-08-18,2025-08-27,Approved
PO00038,SUP013,2025-06-17,2025-07-08,Approved
PO00039,SUP007,2025-04-26,2025-05-11,Approved
PO00040,SUP013,2025-03-02,2025-03-17,Approved
PO00041,SUP008,2025-09-28,2025-10-21,Approved
PO00042,SUP007,2025-06-04,2025-06-15,Approved
PO00043,SUP002,2025-08-22,2025-09-05,Approved
PO00044,SUP006,2025-02-04,2025-02-21,Approved
PO00045,SUP009,2025-08-14,2025-08-23,Approved
PO00046,SUP006,2025-12-07,2025-12-22,Approved
PO00047,SUP001,2025-04-20,2025-05-13,Approved
PO00048,SUP008,2026-01-14,2026-02-05,Approved
PO00049,SUP005,2025-08-31,2025-09-16,Approved
PO00050,SUP009,2025-02-17,2025-03-07,Approved
PO00051,SUP012,2025-11-07,2025-11-22,Approved
PO00052,SUP013,2026-03-18,2026-04-07,Approved
PO00053,SUP007,2025-09-06,2025-09-30,Approved
PO00054,SUP010,2025-12-04,2025-12-12,Approved
PO00055,SUP011,2025-12-27,2026-01-04,Approved
PO00056,SUP011,2025-06-27,2025-07-11,Approved
PO00057,SUP007,2025-04-25,2025-05-10,Approved
PO00058,SUP002,2025-07-11,2025-07-28,Approved
PO00059,SUP012,2025-06-04,2025-06-13,Approved
PO00060,SUP006,2025-07-23,2025-08-07,Approved
PO00061,SUP003,2025-12-01,2025-12-14,Approved
PO00062,SUP003,2025-07-17,2025-08-05,Approved
PO00063,SUP002,2025-11-29,2025-12-11,Approved
PO00064,SUP012,2025-01-23,2025-02-01,Approved
PO00065,SUP011,2025-05-30,2025-06-21,Approved
PO00066,SUP014,2025-04-20,2025-05-01,Approved
PO00067,SUP006,2025-01-22,2025-02-01,Approved
PO00068,SUP014,2026-01-03,2026-01-13,Approved
PO00069,SUP006,2025-01-03,2025-01-13,Approved
PO00070,SUP013,2025-05-24,2025-06-04,Approved
PO00071,SUP001,2025-03-16,2025-04-05,Approved
PO00072,SUP002,2026-02-05,2026-02-15,Approved
PO00073,SUP013,2025-01-08,2025-01-25,Approved
PO00074,SUP011,2026-02-01,2026-02-13,Approved
PO00075,SUP012,2025-05-13,2025-05-21,Approved
PO00076,SUP007,2025-08-28,2025-09-17,Approved
PO00077,SUP013,2025-03-14,2025-03-29,Approved
PO00078,SUP007,2026-03-19,2026-03-31,Approved
PO00079,SUP009,2025-11-11,2025-12-03,Approved
PO00080,SUP004,2025-01-11,2025-01-31,Approved
PO00081,SUP014,2025-03-30,2025-04-09,Approved
PO00082,SUP005,2026-03-08,2026-03-17,Approved
PO00083,SUP006,2025-12-11,2026-01-04,Approved
PO00084,SUP004,2025-09-02,2025-09-12,Approved
PO00085,SUP001,2025-10-05,2025-10-24,Approved
PO00086,SUP004,2025-11-16,2025-12-08,Approved
PO00087,SUP003,2025-05-28,2025-06-09,Approved
PO00088,SUP014,2026-03-05,2026-03-15,Approved
PO00089,SUP008,2025-05-25,2025-06-08,Approved
PO00090,SUP006,2026-02-19,2026-02-27,Approved
PO00091,SUP001,2025-05-10,2025-05-30,Approved
PO00092,SUP003,2025-10-24,2025-11-02,Approved
PO00093,SUP008,2025-07-01,2025-07-17,Approved
PO00094,SUP002,2026-02-04,2026-02-25,Approved
PO00095,SUP011,2025-09-01,2025-09-25,Approved
PO00096,SUP012,2025-08-31,2025-09-19,Approved
PO00097,SUP011,2025-09-03,2025-09-16,Approved
PO00098,SUP006,2026-02-20,2026-03-12,Approved
PO00099,SUP008,2025-07-04,2025-07-26,Approved
PO00100,SUP008,2025-06-01,2025-06-11,Approved
PO00101,SUP005,2025-09-22,2025-10-04,Approved
PO00102,SUP013,2026-01-10,2026-01-25,Approved
PO00103,SUP008,2025-11-04,2025-11-14,Approved
PO00104,SUP003,2025-06-27,2025-07-08,Approved
PO00105,SUP012,2025-09-14,2025-10-07,Approved
PO00106,SUP010,2025-01-24,2025-02-08,Approved
PO00107,SUP003,2025-09-03,2025-09-20,Approved
PO00108,SUP008,2025-05-20,2025-06-03,Approved
PO00109,SUP002,2025-03-20,2025-04-13,Approved
PO00110,SUP007,2025-07-21,2025-08-14,Approved
PO00111,SUP011,2025-09-28,2025-10-10,Approved
PO00112,SUP004,2025-07-22,2025-08-09,Approved
PO00113,SUP013,2025-03-19,2025-04-04,Approved
PO00114,SUP007,2025-03-23,2025-04-05,Approved
PO00115,SUP011,2025-02-21,2025-03-03,Approved
PO00116,SUP010,2025-09-17,2025-10-11,Approved
PO00117,SUP015,2025-05-25,2025-06-03,Approved
PO00118,SUP002,2025-05-12,2025-05-25,Approved
PO00119,SUP003,2025-08-25,2025-09-18,Approved
PO00120,SUP008,2026-03-02,2026-03-25,Approved
PO00121,SUP013,2025-04-18,2025-04-29,Approved
PO00122,SUP001,2025-09-12,2025-10-03,Approved
PO00123,SUP004,2025-09-25,2025-10-09,Approved
PO00124,SUP006,2025-08-05,2025-08-23,Approved
PO00125,SUP005,2025-05-08,2025-05-16,Approved
PO00126,SUP013,2025-09-19,2025-10-13,Approved
PO00127,SUP007,2025-07-06,2025-07-18,Approved
PO00128,SUP013,2025-12-09,2026-01-01,Approved
PO00129,SUP001,2025-10-31,2025-11-10,Approved
PO00130,SUP014,2025-02-27,2025-03-16,Approved
PO00131,SUP007,2025-02-04,2025-02-27,Approved
PO00132,SUP008,2026-01-28,2026-02-05,Approved
PO00133,SUP007,2025-03-29,2025-04-15,Approved
PO00134,SUP010,2025-08-01,2025-08-15,Approved
PO00135,SUP005,2026-02-11,2026-03-03,Approved
PO00136,SUP007,2025-08-22,2025-09-15,Approved
PO00137,SUP004,2025-01-08,2025-01-24,Approved
PO00138,SUP009,2025-12-17,2026-01-09,Approved
PO00139,SUP006,2025-06-18,2025-06-27,Approved
PO00140,SUP012,2026-03-07,2026-03-19,Approved
PO00141,SUP001,2025-12-21,2026-01-11,Approved
PO00142,SUP005,2026-01-09,2026-01-19,Approved
PO00143,SUP006,2025-12-05,2025-12-15,Approved
PO00144,SUP013,2025-12-09,2025-12-29,Approved
PO00145,SUP013,2026-01-12,2026-02-02,Approved
PO00146,SUP008,2025-06-05,2025-06-15,Approved
PO00147,SUP006,2026-03-04,2026-03-23,Approved
PO00148,SUP010,2026-01-01,2026-01-11,Approved
PO00149,SUP015,2025-12-16,2026-01-07,Approved
PO00150,SUP009,2025-03-12,2025-03-24,Approved
PO00151,SUP007,2025-11-07,2025-11-21,Approved
PO00152,SUP001,2025-05-11,2025-06-01,Approved
PO00153,SUP014,2025-04-26,2025-05-05,Approved
PO00154,SUP013,2026-01-17,2026-02-08,Approved
PO00155,SUP003,2026-01-30,2026-02-20,Approved
PO00156,SUP009,2026-02-15,2026-03-06,Approved
PO00157,SUP004,2025-06-09,2025-06-28,Approved
PO00158,SUP015,2025-02-13,2025-03-01,Approved
PO00159,SUP008,2025-06-01,2025-06-23,Approved
PO00160,SUP014,2025-07-23,2025-08-13,Approved
PO00161,SUP005,2025-07-04,2025-07-25,Approved
PO00162,SUP015,2025-12-01,2025-12-16,Approved
PO00163,SUP015,2026-03-14,2026-04-06,Approved
PO00164,SUP009,2025-04-06,2025-04-15,Approved
PO00165,SUP013,2025-08-23,2025-09-05,Approved
PO00166,SUP004,2025-10-20,2025-10-29,Approved
PO00167,SUP008,2025-07-20,2025-07-30,Approved
PO00168,SUP014,2025-10-02,2025-10-22,Approved
PO00169,SUP013,2025-07-18,2025-08-09,Approved
PO00170,SUP008,2025-10-16,2025-11-09,Approved
PO00171,SUP014,2025-07-30,2025-08-10,Approved
PO00172,SUP010,2025-01-01,2025-01-21,Approved
PO00173,SUP013,2025-03-11,2025-03-29,Approved
PO00174,SUP005,2026-03-02,2026-03-12,Approved
PO00175,SUP013,2025-04-29,2025-05-23,Approved
PO00176,SUP002,2025-07-17,2025-08-09,Approved
PO00177,SUP004,2025-05-31,2025-06-11,Approved
PO00178,SUP007,2026-02-20,2026-03-13,Approved
PO00179,SUP010,2026-01-28,2026-02-14,Approved
PO00180,SUP003,2025-10-02,2025-10-22,Approved
PO00181,SUP001,2025-09-29,2025-10-10,Approved
PO00182,SUP006,2025-04-01,2025-04-24,Approved
PO00183,SUP004,2025-10-04,2025-10-21,Approved
PO00184,SUP008,2025-02-03,2025-02-19,Approved
PO00185,SUP005,2025-09-24,2025-10-10,Approved
PO00186,SUP013,2025-10-31,2025-11-16,Approved
PO00187,SUP011,2025-02-22,2025-03-04,Approved
PO00188,SUP008,2025-01-22,2025-02-06,Approved
PO00189,SUP015,2025-07-23,2025-08-05,Approved
PO00190,SUP012,2026-01-11,2026-01-24,Approved
PO00191,SUP014,2025-02-16,2025-03-04,Approved
PO00192,SUP005,2025-04-04,2025-04-24,Approved
PO00193,SUP007,2026-01-22,2026-02-13,Approved
PO00194,SUP014,2025-07-28,2025-08-13,Approved
PO00195,SUP010,2025-06-12,2025-06-23,Approved
PO00196,SUP015,2026-02-26,2026-03-18,Approved
PO00197,SUP007,2025-12-08,2025-12-21,Approved
PO00198,SUP010,2025-06-02,2025-06-10,Approved
PO00199,SUP006,2026-03-22,2026-04-08,Approved
PO00200,SUP003,2025-12-11,2025-12-26,Approved
PO00201,SUP002,2025-01-16,2025-02-03,Approved
PO00202,SUP006,2026-01-31,2026-02-15,Approved
PO00203,SUP012,2025-07-07,2025-07-17,Approved
PO00204,SUP007,2025-09-18,2025-09-28,Approved
PO00205,SUP013,2026-02-23,2026-03-15,Approved
PO00206,SUP013,2025-04-27,2025-05-20,Approved
PO00207,SUP001,2025-07-24,2025-08-16,Approved
PO00208,SUP013,2025-09-23,2025-10-02,Approved
PO00209,SUP013,2025-07-30,2025-08-21,Approved
PO00210,SUP007,2025-10-10,2025-10-27,Approved
PO00211,SUP009,2025-11-11,2025-11-20,Approved
PO00212,SUP013,2025-09-27,2025-10-20,Approved
PO00213,SUP006,2025-11-17,2025-11-26,Approved
PO00214,SUP011,2025-02-02,2025-02-20,Approved
PO00215,SUP001,2025-10-12,2025-10-30,Approved
PO00216,SUP007,2025-01-12,2025-02-01,Approved
PO00217,SUP014,2026-01-26,2026-02-04,Approved
PO00218,SUP013,2025-11-24,2025-12-03,Approved
PO00219,SUP015,2026-02-05,2026-02-19,Approved
PO00220,SUP002,2025-07-12,2025-07-31,Approved
PO00221,SUP013,2025-05-13,2025-05-24,Approved
PO00222,SUP006,2025-03-27,2025-04-14,Approved
PO00223,SUP001,2026-02-24,2026-03-11,Approved
PO00224,SUP011,2025-01-31,2025-02-11,Approved
PO00225,SUP006,2025-11-20,2025-12-09,Approved
PO00226,SUP003,2025-08-05,2025-08-27,Approved
PO00227,SUP014,2025-05-03,2025-05-25,Approved
PO00228,SUP013,2025-06-20,2025-07-14,Approved
PO00229,SUP004,2026-02-18,2026-03-04,Approved
PO00230,SUP007,2025-03-28,2025-04-21,Approved
PO00231,SUP015,2025-12-14,2025-12-30,Approved
PO00232,SUP009,2026-02-26,2026-03-13,Approved
PO00233,SUP007,2026-03-24,2026-04-06,Approved
PO00234,SUP013,2025-08-20,2025-09-05,Approved
PO00235,SUP008,2026-02-04,2026-02-12,Approved
PO00236,SUP012,2025-10-17,2025-11-05,Approved
PO00237,SUP007,2025-10-24,2025-11-11,Approved
PO00238,SUP015,2025-02-25,2025-03-19,Approved
PO00239,SUP013,2025-01-02,2025-01-12,Approved
PO00240,SUP006,2025-08-12,2025-08-26,Approved
PO00241,SUP013,2026-02-03,2026-02-24,Approved
PO00242,SUP001,2025-03-30,2025-04-22,Approved
PO00243,SUP009,2025-02-07,2025-03-02,Approved
PO00244,SUP013,2025-06-19,2025-07-09,Approved
PO00245,SUP003,2025-04-16,2025-04-30,Approved
PO00246,SUP014,2025-08-10,2025-09-02,Approved
PO00247,SUP001,2025-08-13,2025-08-26,Approved
PO00248,SUP014,2025-11-09,2025-11-18,Approved
PO00249,SUP012,2025-11-29,2025-12-11,Approved
PO00250,SUP007,2025-03-22,2025-04-12,Approved
PO00251,SUP006,2025-06-08,2025-06-25,Approved
PO00252,SUP009,2025-01-14,2025-02-07,Approved
PO00253,SUP008,2025-06-27,2025-07-10,Approved
PO00254,SUP005,2025-02-11,2025-03-04,Approved
PO00255,SUP001,2025-08-28,2025-09-06,Approved
PO00256,SUP012,2025-10-31,2025-11-23,Approved
PO00257,SUP006,2025-03-14,2025-03-22,Approved
PO00258,SUP013,2025-04-18,2025-05-08,Approved
PO00259,SUP007,2025-08-29,2025-09-18,Approved
PO00260,SUP001,2025-01-21,2025-01-29,Approved
PO00261,SUP009,2025-09-09,2025-09-24,Approved
PO00262,SUP003,2026-01-23,2026-02-09,Approved
PO00263,SUP011,2025-07-17,2025-08-03,Approved
PO00264,SUP001,2025-11-04,2025-11-15,Approved
PO00265,SUP015,2025-09-08,2025-09-26,Approved
PO00266,SUP014,2025-06-30,2025-07-10,Approved
PO00267,SUP012,2025-05-29,2025-06-06,Approved
PO00268,SUP008,2026-03-15,2026-03-30,Approved
PO00269,SUP005,2025-07-03,2025-07-17,Approved
PO00270,SUP003,2025-11-15,2025-11-25,Approved
PO00271,SUP001,2025-09-11,2025-09-27,Approved
PO00272,SUP008,2026-02-23,2026-03-04,Approved
PO00273,SUP013,2025-01-06,2025-01-27,Approved
PO00274,SUP011,2025-07-31,2025-08-23,Approved
PO00275,SUP001,2025-12-01,2025-12-21,Approved
PO00276,SUP007,2025-01-28,2025-02-07,Approved
PO00277,SUP001,2025-03-01,2025-03-23,Approved
PO00278,SUP013,2025-04-27,2025-05-10,Approved
PO00279,SUP012,2026-01-18,2026-01-26,Approved
PO00280,SUP007,2026-02-15,2026-02-28,Approved
PO00281,SUP009,2025-04-03,2025-04-19,Approved
PO00282,SUP009,2025-07-27,2025-08-07,Approved
PO00283,SUP013,2025-05-24,2025-06-02,Approved
PO00284,SUP015,2026-03-10,2026-04-01,Approved
PO00285,SUP013,2025-04-12,2025-04-24,Approved
PO00286,SUP013,2025-02-28,2025-03-23,Approved
PO00287,SUP012,2026-02-27,2026-03-10,Approved
PO00288,SUP013,2025-09-25,2025-10-03,Approved
PO00289,SUP005,2026-03-25,2026-04-13,Approved
PO00290,SUP008,2025-08-31,2025-09-19,Approved
PO00291,SUP011,2025-06-19,2025-07-13,Approved
PO00292,SUP002,2025-10-15,2025-11-06,Approved
PO00293,SUP004,2025-09-27,2025-10-08,Approved
PO00294,SUP001,2025-01-26,2025-02-19,Approved
PO00295,SUP001,2025-03-20,2025-04-06,Approved
PO00296,SUP003,2025-12-08,2025-12-29,Approved
PO00297,SUP001,2025-03-07,2025-03-17,Approved
PO00298,SUP011,2025-08-07,2025-08-18,Approved
PO00299,SUP002,2025-03-11,2025-03-31,Approved
PO00300,SUP013,2025-02-12,2025-03-05,Approved
PO00301,SUP010,2026-03-18,2026-04-02,Approved
PO00302,SUP005,2025-02-14,2025-03-10,Approved
PO00303,SUP013,2025-05-25,2025-06-17,Approved
PO00304,SUP008,2025-09-08,2025-09-30,Approved
PO00305,SUP014,2025-12-31,2026-01-12,Approved
PO00306,SUP006,2025-01-07,2025-01-29,Approved
PO00307,SUP005,2026-03-08,2026-03-28,Approved
PO00308,SUP008,2025-02-12,2025-03-02,Approved
PO00309,SUP012,2025-01-05,2025-01-19,Approved
PO00310,SUP009,2025-01-28,2025-02-15,Approved
PO00311,SUP009,2025-02-15,2025-02-23,Approved
PO00312,SUP013,2025-04-11,2025-04-19,Approved
PO00313,SUP006,2026-01-08,2026-01-18,Approved
PO00314,SUP012,2025-02-22,2025-03-07,Approved
PO00315,SUP001,2025-05-04,2025-05-26,Approved
PO00316,SUP005,2025-05-29,2025-06-12,Approved
PO00317,SUP009,2026-01-20,2026-02-05,Approved
PO00318,SUP009,2025-09-08,2025-09-25,Approved
PO00319,SUP005,2025-11-08,2025-11-17,Approved
PO00320,SUP011,2025-06-16,2025-07-08,Approved
PO00321,SUP004,2025-05-08,2025-05-24,Approved
PO00322,SUP009,2025-11-01,2025-11-23,Approved
PO00323,SUP014,2026-03-22,2026-04-06,Approved
PO00324,SUP006,2025-11-02,2025-11-23,Approved
PO00325,SUP001,2025-06-06,2025-06-20,Approved
PO00326,SUP008,2025-06-18,2025-07-07,Approved
PO00327,SUP007,2025-04-04,2025-04-12,Approved
PO00328,SUP009,2026-03-12,2026-03-20,Approved
PO00329,SUP007,2025-11-15,2025-12-08,Approved
PO00330,SUP014,2025-08-16,2025-08-26,Approved
PO00331,SUP008,2025-07-21,2025-07-31,Approved
PO00332,SUP010,2026-01-24,2026-02-09,Approved
PO00333,SUP013,2025-08-13,2025-08-29,Approved
PO00334,SUP008,2026-01-01,2026-01-23,Approved
PO00335,SUP009,2025-03-05,2025-03-18,Approved
PO00336,SUP015,2025-09-23,2025-10-07,Approved
PO00337,SUP007,2025-01-20,2025-02-11,Approved
PO00338,SUP009,2025-03-06,2025-03-17,Approved
PO00339,SUP008,2026-01-14,2026-01-26,Approved
PO00340,SUP013,2025-07-01,2025-07-14,Approved
PO00341,SUP013,2025-12-15,2025-12-31,Approved
PO00342,SUP001,2025-12-07,2025-12-19,Approved
PO00343,SUP007,2026-02-16,2026-03-04,Approved
PO00344,SUP009,2025-04-06,2025-04-23,Approved
PO00345,SUP008,2025-05-15,2025-06-06,Approved
PO00346,SUP011,2025-09-25,2025-10-09,Approved
PO00347,SUP013,2025-05-08,2025-05-26,Approved
PO00348,SUP005,2025-07-09,2025-08-02,Approved
PO00349,SUP005,2026-01-02,2026-01-24,Approved
PO00350,SUP014,2026-01-18,2026-02-08,Approved
PO00351,SUP014,2025-07-21,2025-08-09,Approved
PO00352,SUP015,2025-02-20,2025-03-03,Approved
PO00353,SUP012,2025-01-06,2025-01-18,Approved
PO00354,SUP015,2025-04-11,2025-04-23,Approved
PO00355,SUP015,2025-08-10,2025-08-30,Approved
PO00356,SUP009,2025-06-07,2025-06-20,Approved
PO00357,SUP008,2025-09-11,2025-10-02,Approved
PO00358,SUP009,2025-07-23,2025-08-13,Approved
PO00359,SUP012,2026-01-31,2026-02-11,Approved
PO00360,SUP011,2025-03-07,2025-03-28,Approved
PO00361,SUP012,2025-09-03,2025-09-26,Approved
PO00362,SUP013,2026-03-20,2026-04-09,Approved
PO00363,SUP006,2026-03-08,2026-03-27,Approved
PO00364,SUP001,2025-07-10,2025-07-24,Approved
PO00365,SUP003,2025-07-31,2025-08-19,Approved
PO00366,SUP002,2025-10-29,2025-11-08,Approved
PO00367,SUP005,2026-03-26,2026-04-03,Approved
PO00368,SUP007,2026-03-21,2026-04-02,Approved
PO00369,SUP005,2025-08-21,2025-09-08,Approved
PO00370,SUP013,2025-11-27,2025-12-17,Approved
PO00371,SUP013,2025-07-26,2025-08-11,Approved
PO00372,SUP014,2025-12-14,2025-12-30,Approved
PO00373,SUP013,2025-05-22,2025-06-03,Approved
PO00374,SUP013,2025-08-28,2025-09-05,Approved
PO00375,SUP010,2025-06-11,2025-07-04,Approved
PO00376,SUP014,2025-05-25,2025-06-14,Approved
PO00377,SUP008,2026-03-03,2026-03-16,Approved
PO00378,SUP006,2025-10-21,2025-11-09,Approved
PO00379,SUP003,2025-06-17,2025-07-02,Approved
PO00380,SUP004,2025-10-18,2025-10-30,Approved
PO00381,SUP001,2025-03-10,2025-03-22,Approved
PO00382,SUP008,2025-04-24,2025-05-13,Approved
PO00383,SUP008,2025-09-28,2025-10-17,Approved
PO00384,SUP008,2025-06-20,2025-07-10,Approved
PO00385,SUP006,2026-03-04,2026-03-19,Approved
PO00386,SUP003,2025-09-21,2025-10-03,Approved
PO00387,SUP013,2026-02-24,2026-03-06,Approved
PO00388,SUP008,2025-05-26,2025-06-13,Approved
PO00389,SUP010,2025-11-24,2025-12-07,Approved
PO00390,SUP002,2026-03-04,2026-03-18,Approved
PO00391,SUP007,2025-08-18,2025-09-03,Approved
PO00392,SUP007,2025-01-15,2025-01-30,Approved
PO00393,SUP015,2025-07-17,2025-07-25,Approved
PO00394,SUP009,2025-08-25,2025-09-07,Approved
PO00395,SUP012,2025-07-01,2025-07-25,Approved
PO00396,SUP001,2025-06-06,2025-06-22,Approved
PO00397,SUP008,2025-08-22,2025-09-14,Approved
PO00398,SUP015,2025-04-03,2025-04-21,Approved
PO00399,SUP002,2026-03-16,2026-03-27,Approved
PO00400,SUP007,2025-03-10,2025-03-28,Approved
PO00401,SUP008,2025-08-17,2025-09-08,Approved
PO00402,SUP006,2025-03-26,2025-04-17,Approved
PO00403,SUP013,2025-07-29,2025-08-22,Approved
PO00404,SUP013,2025-08-17,2025-09-09,Approved
PO00405,SUP003,2026-02-11,2026-03-07,Approved
PO00406,SUP007,2025-09-23,2025-10-09,Approved
PO00407,SUP008,2025-10-06,2025-10-27,Approved
PO00408,SUP010,2026-01-29,2026-02-06,Approved
PO00409,SUP005,2025-08-19,2025-08-29,Approved
PO00410,SUP005,2025-04-16,2025-05-07,Approved
PO00411,SUP012,2025-10-10,2025-10-30,Approved
PO00412,SUP006,2025-07-14,2025-07-30,Approved
PO00413,SUP007,2025-03-18,2025-04-10,Approved
PO00414,SUP015,2025-05-25,2025-06-16,Approved
PO00415,SUP007,2025-06-11,2025-07-01,Approved
PO00416,SUP006,2025-12-26,2026-01-07,Approved
PO00417,SUP005,2025-11-18,2025-11-29,Approved
PO00418,SUP014,2025-04-25,2025-05-12,Approved
PO00419,SUP014,2025-05-19,2025-06-10,Approved
PO00420,SUP013,2025-05-04,2025-05-14,Approved
PO00421,SUP015,2025-09-14,2025-10-02,Approved
PO00422,SUP014,2025-10-30,2025-11-12,Approved
PO00423,SUP009,2025-02-12,2025-03-07,Approved
PO00424,SUP011,2025-10-22,2025-11-13,Approved
PO00425,SUP009,2025-05-10,2025-06-01,Approved
PO00426,SUP013,2025-07-26,2025-08-16,Approved
PO00427,SUP007,2026-03-08,2026-03-31,Approved
PO00428,SUP014,2025-01-14,2025-01-30,Approved
PO00429,SUP015,2025-04-09,2025-04-25,Approved
PO00430,SUP011,2025-10-19,2025-11-12,Approved
PO00431,SUP007,2026-01-17,2026-01-26,Approved
PO00432,SUP003,2025-02-02,2025-02-17,Approved
PO00433,SUP003,2025-10-08,2025-10-27,Approved
PO00434,SUP006,2025-07-30,2025-08-09,Approved
PO00435,SUP012,2025-05-05,2025-05-27,Approved
PO00436,SUP008,2025-03-21,2025-03-29,Approved
PO00437,SUP015,2026-01-15,2026-01-25,Approved
PO00438,SUP013,2025-11-05,2025-11-14,Approved
PO00439,SUP010,2026-03-23,2026-04-14,Approved
PO00440,SUP015,2025-05-29,2025-06-06,Approved
PO00441,SUP014,2025-11-24,2025-12-13,Approved
PO00442,SUP007,2025-04-27,2025-05-19,Approved
PO00443,SUP013,2025-04-21,2025-05-08,Approved
PO00444,SUP012,2025-09-23,2025-10-08,Approved
PO00445,SUP012,2025-12-15,2025-12-25,Approved
PO00446,SUP009,2025-01-08,2025-01-23,Approved
PO00447,SUP007,2025-04-22,2025-04-30,Approved
PO00448,SUP011,2025-05-03,2025-05-14,Approved
PO00449,SUP014,2025-10-21,2025-11-13,Approved
PO00450,SUP013,2025-03-03,2025-03-11,Approved
PO00451,SUP008,2025-08-04,2025-08-19,Approved
PO00452,SUP010,2025-09-18,2025-10-04,Approved
PO00453,SUP012,2025-10-27,2025-11-10,Approved
PO00454,SUP013,2025-12-21,2026-01-03,Approved
PO00455,SUP008,2025-05-03,2025-05-11,Approved
PO00456,SUP006,2025-05-24,2025-06-15,Approved
PO00457,SUP005,2025-08-16,2025-09-06,Approved
PO00458,SUP001,2025-08-23,2025-09-04,Approved
PO00459,SUP003,2025-11-12,2025-11-22,Approved
PO00460,SUP015,2025-05-26,2025-06-19,Approved
PO00461,SUP013,2025-08-16,2025-09-01,Approved
PO00462,SUP010,2025-08-19,2025-08-31,Approved
PO00463,SUP010,2026-03-22,2026-04-10,Approved
PO00464,SUP006,2025-08-07,2025-08-27,Approved
PO00465,SUP003,2025-03-26,2025-04-13,Approved
PO00466,SUP006,2025-04-18,2025-04-30,Approved
PO00467,SUP013,2025-10-07,2025-10-20,Approved
PO00468,SUP005,2025-05-20,2025-06-02,Approved
PO00469,SUP005,2025-10-25,2025-11-07,Approved
PO00470,SUP004,2025-11-06,2025-11-28,Approved
PO00471,SUP007,2026-03-12,2026-04-01,Approved
PO00472,SUP008,2025-05-27,2025-06-17,Approved
PO00473,SUP006,2026-03-05,2026-03-15,Approved
PO00474,SUP015,2026-01-09,2026-02-02,Approved
PO00475,SUP009,2025-09-09,2025-09-21,Approved
PO00476,SUP014,2025-05-16,2025-06-01,Approved
PO00477,SUP008,2025-09-26,2025-10-14,Approved
PO00478,SUP003,2025-02-22,2025-03-02,Approved
PO00479,SUP003,2025-09-16,2025-10-05,Approved
PO00480,SUP001,2026-02-21,2026-03-01,Approved
PO00481,SUP006,2025-05-30,2025-06-13,Approved
PO00482,SUP002,2025-04-13,2025-04-30,Approved
PO00483,SUP001,2025-05-30,2025-06-15,Approved
PO00484,SUP004,2025-05-16,2025-05-26,Approved
PO00485,SUP014,2026-01-13,2026-02-02,Approved
PO00486,SUP015,2025-01-02,2025-01-24,Approved
PO00487,SUP014,2026-02-07,2026-02-26,Approved
PO00488,SUP001,2026-02-01,2026-02-14,Approved
PO00489,SUP009,2026-02-09,2026-03-03,Approved
PO00490,SUP012,2025-07-15,2025-07-30,Approved
PO00491,SUP001,2025-11-17,2025-11-26,Approved
PO00492,SUP013,2025-07-07,2025-07-24,Approved
PO00493,SUP011,2025-04-27,2025-05-17,Approved
PO00494,SUP007,2026-02-06,2026-02-16,Approved
PO00495,SUP010,2025-05-17,2025-05-28,Approved
PO00496,SUP004,2025-09-07,2025-09-20,Approved
PO00497,SUP013,2025-10-12,2025-10-25,Approved
PO00498,SUP012,2025-07-11,2025-07-29,Approved
PO00499,SUP009,2025-08-11,2025-09-01,Approved
PO00500,SUP003,2025-09-20,2025-10-02,Approved
