sales_order_id,customer_id,order_date,sales_channel
SO000001,CUST086,2026-01-25,Retail Store
SO000002,CUST041,2025-10-04,Marketplace
SO000003,CUST053,2026-01-16,Marketplace
SO000004,CUST039,2025-05-01,Marketplace
SO000005,CUST089,2026-05-12,B2B Direct
SO000006,CUST084,2025-09-22,Marketplace
SO000007,CUST097,2025-09-16,Online
SO000008,CUST062,2025-06-13,Online
SO000009,CUST073,2026-06-24,Marketplace
SO000010,CUST063,2025-06-06,Marketplace
SO000011,CUST029,2025-11-01,Retail Store
SO000012,CUST007,2025-06-09,Retail Store
SO000013,CUST004,2025-07-19,B2B Direct
SO000014,CUST094,2026-02-03,B2B Direct
SO000015,CUST013,2025-06-04,Marketplace
SO000016,CUST051,2025-05-28,Marketplace
SO000017,CUST074,2026-05-16,Online
SO000018,CUST047,2025-08-24,Online
SO000019,CUST047,2025-11-01,Marketplace
SO000020,CUST053,2025-07-01,Retail Store
SO000021,CUST051,2025-08-05,B2B Direct
SO000022,CUST079,2025-11-01,B2B Direct
SO000023,CUST002,2026-06-07,Marketplace
SO000024,CUST066,2026-01-27,B2B Direct
SO000025,CUST088,2026-01-08,Online
SO000026,CUST083,2026-05-25,Marketplace
SO000027,CUST023,2025-07-13,Online
SO000028,CUST064,2025-08-11,Retail Store
SO000029,CUST030,2025-10-04,B2B Direct
SO000030,CUST091,2026-05-22,Marketplace
SO000031,CUST093,2025-08-03,Marketplace
SO000032,CUST079,2026-01-02,B2B Direct
SO000033,CUST056,2025-05-21,Online
SO000034,CUST039,2026-03-25,Retail Store
SO000035,CUST015,2026-06-20,Online
SO000036,CUST023,2026-02-12,Marketplace
SO000037,CUST021,2026-02-08,B2B Direct
SO000038,CUST079,2025-12-04,B2B Direct
SO000039,CUST022,2025-09-15,B2B Direct
SO000040,CUST056,2025-04-03,Retail Store
SO000041,CUST038,2025-06-18,Retail Store
SO000042,CUST025,2026-04-20,Marketplace
SO000043,CUST042,2025-05-11,Online
SO000044,CUST006,2026-06-08,Online
SO000045,CUST051,2025-05-01,Online
SO000046,CUST006,2026-05-14,Retail Store
SO000047,CUST038,2025-09-10,B2B Direct
SO000048,CUST100,2026-03-05,Marketplace
SO000049,CUST058,2026-02-01,Marketplace
SO000050,CUST012,2026-03-02,Retail Store
SO000051,CUST051,2025-09-11,Retail Store
SO000052,CUST049,2026-04-02,B2B Direct
SO000053,CUST031,2026-03-26,B2B Direct
SO000054,CUST011,2025-08-30,Retail Store
SO000055,CUST059,2025-09-05,Marketplace
SO000056,CUST082,2025-11-10,B2B Direct
SO000057,CUST023,2025-07-21,B2B Direct
SO000058,CUST097,2025-05-14,Marketplace
SO000059,CUST053,2026-06-07,B2B Direct
SO000060,CUST090,2025-12-06,Marketplace
SO000061,CUST045,2026-04-07,Online
SO000062,CUST023,2025-10-30,B2B Direct
SO000063,CUST044,2025-11-02,B2B Direct
SO000064,CUST090,2025-11-09,Online
SO000065,CUST014,2025-12-21,Marketplace
SO000066,CUST081,2025-06-02,B2B Direct
SO000067,CUST045,2025-12-08,Online
SO000068,CUST030,2026-04-05,Marketplace
SO000069,CUST052,2025-06-16,B2B Direct
SO000070,CUST073,2025-07-22,Retail Store
SO000071,CUST097,2025-07-12,Online
SO000072,CUST074,2025-10-11,Retail Store
SO000073,CUST051,2025-06-01,Marketplace
SO000074,CUST013,2025-11-27,Retail Store
SO000075,CUST080,2026-04-11,Online
SO000076,CUST082,2025-11-12,Online
SO000077,CUST045,2026-02-04,Online
SO000078,CUST034,2026-04-23,Marketplace
SO000079,CUST018,2025-06-04,B2B Direct
SO000080,CUST002,2026-02-18,Retail Store
SO000081,CUST053,2026-04-06,Marketplace
SO000082,CUST069,2026-04-27,Retail Store
SO000083,CUST058,2025-04-10,Marketplace
SO000084,CUST100,2025-04-03,Marketplace
SO000085,CUST050,2026-01-22,Retail Store
SO000086,CUST094,2026-06-04,Retail Store
SO000087,CUST027,2025-05-01,Marketplace
SO000088,CUST035,2025-12-14,Marketplace
SO000089,CUST085,2025-10-10,B2B Direct
SO000090,CUST094,2026-01-13,Retail Store
SO000091,CUST012,2025-11-02,Marketplace
SO000092,CUST005,2025-10-03,B2B Direct
SO000093,CUST004,2025-05-17,B2B Direct
SO000094,CUST012,2026-02-21,B2B Direct
SO000095,CUST025,2025-09-26,Marketplace
SO000096,CUST008,2025-04-02,Retail Store
SO000097,CUST082,2025-08-04,B2B Direct
SO000098,CUST007,2025-10-10,B2B Direct
SO000099,CUST018,2025-11-24,Retail Store
SO000100,CUST063,2025-05-19,B2B Direct
SO000101,CUST005,2025-11-08,B2B Direct
SO000102,CUST091,2026-01-30,Retail Store
SO000103,CUST044,2025-11-29,Marketplace
SO000104,CUST049,2025-06-09,B2B Direct
SO000105,CUST092,2025-10-13,Marketplace
SO000106,CUST011,2025-11-14,B2B Direct
SO000107,CUST050,2026-06-08,B2B Direct
SO000108,CUST076,2025-08-11,Online
SO000109,CUST078,2026-02-11,Marketplace
SO000110,CUST047,2025-10-25,B2B Direct
SO000111,CUST076,2026-01-21,Retail Store
SO000112,CUST031,2025-12-09,B2B Direct
SO000113,CUST057,2026-04-21,Online
SO000114,CUST015,2025-11-11,B2B Direct
SO000115,CUST005,2026-02-14,Online
SO000116,CUST062,2025-04-30,B2B Direct
SO000117,CUST031,2025-12-30,Marketplace
SO000118,CUST040,2025-07-30,B2B Direct
SO000119,CUST087,2025-11-24,Marketplace
SO000120,CUST098,2026-02-04,Retail Store
SO000121,CUST063,2025-09-05,Retail Store
SO000122,CUST031,2025-11-15,B2B Direct
SO000123,CUST086,2026-05-11,B2B Direct
SO000124,CUST100,2025-08-23,Retail Store
SO000125,CUST079,2026-01-22,Online
SO000126,CUST051,2025-09-25,Retail Store
SO000127,CUST014,2026-01-07,Retail Store
SO000128,CUST055,2026-04-02,Online
SO000129,CUST009,2026-01-12,Retail Store
SO000130,CUST050,2026-01-02,Online
SO000131,CUST083,2025-10-28,Online
SO000132,CUST022,2025-11-15,Marketplace
SO000133,CUST017,2026-03-27,B2B Direct
SO000134,CUST055,2025-11-07,Marketplace
SO000135,CUST076,2025-09-09,Online
SO000136,CUST077,2026-06-04,Retail Store
SO000137,CUST012,2025-04-04,Online
SO000138,CUST078,2025-10-08,Retail Store
SO000139,CUST078,2026-01-20,Marketplace
SO000140,CUST070,2025-05-01,Marketplace
SO000141,CUST032,2026-04-30,Retail Store
SO000142,CUST026,2026-05-13,B2B Direct
SO000143,CUST071,2025-06-04,B2B Direct
SO000144,CUST040,2025-10-19,B2B Direct
SO000145,CUST052,2025-04-20,Online
SO000146,CUST011,2025-06-05,Online
SO000147,CUST046,2025-12-26,Retail Store
SO000148,CUST046,2026-05-10,Online
SO000149,CUST032,2025-09-06,Retail Store
SO000150,CUST030,2025-11-18,Marketplace
SO000151,CUST044,2025-07-30,Retail Store
SO000152,CUST032,2025-05-18,Online
SO000153,CUST084,2025-10-03,Marketplace
SO000154,CUST055,2025-09-17,Retail Store
SO000155,CUST016,2026-04-04,Online
SO000156,CUST052,2025-08-09,Online
SO000157,CUST083,2025-08-25,B2B Direct
SO000158,CUST011,2025-07-24,Online
SO000159,CUST070,2026-01-17,B2B Direct
SO000160,CUST067,2026-01-23,B2B Direct
SO000161,CUST051,2026-03-28,Marketplace
SO000162,CUST070,2026-02-19,Marketplace
SO000163,CUST038,2026-05-06,Retail Store
SO000164,CUST066,2025-05-06,Marketplace
SO000165,CUST036,2025-04-10,B2B Direct
SO000166,CUST056,2025-05-03,Retail Store
SO000167,CUST011,2025-09-25,B2B Direct
SO000168,CUST072,2025-05-13,Marketplace
SO000169,CUST061,2025-07-31,B2B Direct
SO000170,CUST016,2025-07-19,Retail Store
SO000171,CUST087,2025-11-01,Online
SO000172,CUST083,2025-04-25,B2B Direct
SO000173,CUST003,2025-12-18,B2B Direct
SO000174,CUST036,2025-09-05,Retail Store
SO000175,CUST031,2025-05-22,Retail Store
SO000176,CUST013,2026-03-10,Marketplace
SO000177,CUST072,2026-02-22,Marketplace
SO000178,CUST036,2025-08-23,B2B Direct
SO000179,CUST018,2025-05-25,Marketplace
SO000180,CUST096,2026-01-12,Retail Store
SO000181,CUST064,2025-09-04,Retail Store
SO000182,CUST035,2025-05-21,Marketplace
SO000183,CUST054,2025-04-20,B2B Direct
SO000184,CUST013,2025-11-12,Retail Store
SO000185,CUST096,2025-10-16,Online
SO000186,CUST099,2025-12-20,B2B Direct
SO000187,CUST042,2026-06-01,Marketplace
SO000188,CUST088,2025-10-07,Retail Store
SO000189,CUST033,2025-10-07,Marketplace
SO000190,CUST010,2025-04-23,B2B Direct
SO000191,CUST065,2025-05-01,B2B Direct
SO000192,CUST018,2026-02-20,B2B Direct
SO000193,CUST055,2025-08-10,Online
SO000194,CUST037,2025-11-22,B2B Direct
SO000195,CUST057,2026-03-07,Retail Store
SO000196,CUST041,2025-05-28,Online
SO000197,CUST036,2025-06-25,Marketplace
SO000198,CUST048,2025-09-26,Retail Store
SO000199,CUST072,2025-05-16,B2B Direct
SO000200,CUST060,2025-10-23,B2B Direct
SO000201,CUST042,2026-01-07,B2B Direct
SO000202,CUST095,2025-09-30,Retail Store
SO000203,CUST009,2026-06-07,Retail Store
SO000204,CUST090,2025-08-28,Retail Store
SO000205,CUST051,2025-10-11,Marketplace
SO000206,CUST032,2025-10-16,Retail Store
SO000207,CUST006,2025-08-02,Marketplace
SO000208,CUST045,2025-04-07,B2B Direct
SO000209,CUST031,2025-05-23,Marketplace
SO000210,CUST065,2026-02-23,Marketplace
SO000211,CUST091,2026-01-30,Retail Store
SO000212,CUST065,2026-03-30,Retail Store
SO000213,CUST056,2025-04-29,Online
SO000214,CUST084,2025-10-17,Marketplace
SO000215,CUST020,2026-04-19,B2B Direct
SO000216,CUST093,2025-06-01,Online
SO000217,CUST007,2025-07-04,Online
SO000218,CUST071,2025-10-20,Online
SO000219,CUST063,2025-12-20,Retail Store
SO000220,CUST086,2025-11-27,Retail Store
SO000221,CUST059,2025-06-02,Retail Store
SO000222,CUST001,2026-06-12,B2B Direct
SO000223,CUST082,2025-09-29,Marketplace
SO000224,CUST083,2026-02-06,Online
SO000225,CUST086,2025-05-11,Retail Store
SO000226,CUST054,2025-06-18,Marketplace
SO000227,CUST079,2025-05-01,Online
SO000228,CUST063,2026-03-19,Marketplace
SO000229,CUST039,2025-11-03,Online
SO000230,CUST005,2026-02-10,Marketplace
SO000231,CUST093,2025-11-28,Retail Store
SO000232,CUST032,2025-12-03,Marketplace
SO000233,CUST034,2026-02-01,Marketplace
SO000234,CUST098,2025-09-08,Online
SO000235,CUST080,2025-06-19,Marketplace
SO000236,CUST062,2026-01-16,B2B Direct
SO000237,CUST047,2026-03-05,Online
SO000238,CUST047,2025-06-16,Marketplace
SO000239,CUST092,2025-04-12,B2B Direct
SO000240,CUST084,2025-12-20,Retail Store
SO000241,CUST034,2025-09-10,Online
SO000242,CUST030,2025-04-09,Online
SO000243,CUST025,2026-04-07,B2B Direct
SO000244,CUST024,2025-05-12,Online
SO000245,CUST001,2026-04-06,Online
SO000246,CUST021,2025-12-01,Online
SO000247,CUST037,2025-11-02,Marketplace
SO000248,CUST090,2025-07-27,Online
SO000249,CUST080,2026-01-18,B2B Direct
SO000250,CUST064,2026-03-13,Marketplace
SO000251,CUST040,2026-05-13,Retail Store
SO000252,CUST083,2025-10-18,Marketplace
SO000253,CUST034,2025-10-25,B2B Direct
SO000254,CUST090,2026-06-21,Marketplace
SO000255,CUST086,2026-04-20,Marketplace
SO000256,CUST099,2025-08-20,Marketplace
SO000257,CUST003,2025-09-06,Online
SO000258,CUST049,2025-06-21,Retail Store
SO000259,CUST027,2025-11-21,B2B Direct
SO000260,CUST002,2026-03-12,Online
SO000261,CUST045,2025-05-19,Marketplace
SO000262,CUST011,2025-04-14,Retail Store
SO000263,CUST080,2025-10-28,Retail Store
SO000264,CUST058,2026-03-18,Online
SO000265,CUST029,2025-10-25,Online
SO000266,CUST029,2026-01-28,Marketplace
SO000267,CUST075,2026-05-08,Marketplace
SO000268,CUST079,2026-05-27,Marketplace
SO000269,CUST095,2026-05-13,Retail Store
SO000270,CUST072,2026-01-20,Marketplace
SO000271,CUST079,2025-09-13,B2B Direct
SO000272,CUST066,2026-06-23,Retail Store
SO000273,CUST080,2025-07-08,B2B Direct
SO000274,CUST014,2025-04-16,Retail Store
SO000275,CUST079,2025-10-10,Online
SO000276,CUST081,2026-04-16,Online
SO000277,CUST005,2026-05-11,Marketplace
SO000278,CUST034,2025-04-02,Online
SO000279,CUST009,2026-02-12,Retail Store
SO000280,CUST010,2025-07-10,Retail Store
SO000281,CUST097,2025-12-04,Online
SO000282,CUST023,2025-12-30,Online
SO000283,CUST073,2026-01-22,Online
SO000284,CUST073,2025-04-15,Marketplace
SO000285,CUST035,2025-04-15,Online
SO000286,CUST092,2026-02-22,Retail Store
SO000287,CUST086,2025-10-09,Online
SO000288,CUST012,2025-04-26,Marketplace
SO000289,CUST078,2025-12-05,Marketplace
SO000290,CUST022,2025-12-19,Retail Store
SO000291,CUST029,2025-06-27,Retail Store
SO000292,CUST061,2026-05-29,Online
SO000293,CUST043,2026-02-06,Retail Store
SO000294,CUST038,2026-05-18,B2B Direct
SO000295,CUST065,2026-06-09,Retail Store
SO000296,CUST048,2025-05-13,B2B Direct
SO000297,CUST043,2026-03-28,B2B Direct
SO000298,CUST052,2025-08-11,Retail Store
SO000299,CUST047,2026-01-22,B2B Direct
SO000300,CUST091,2025-10-19,Retail Store
SO000301,CUST078,2026-04-30,Retail Store
SO000302,CUST020,2025-07-06,Marketplace
SO000303,CUST071,2025-05-11,B2B Direct
SO000304,CUST053,2026-06-24,Online
SO000305,CUST076,2025-11-30,Retail Store
SO000306,CUST089,2025-10-22,Marketplace
SO000307,CUST024,2026-02-13,Marketplace
SO000308,CUST002,2025-06-22,Online
SO000309,CUST016,2025-08-16,B2B Direct
SO000310,CUST065,2025-10-02,B2B Direct
SO000311,CUST075,2025-08-07,Marketplace
SO000312,CUST019,2025-04-03,Marketplace
SO000313,CUST065,2025-04-24,Retail Store
SO000314,CUST052,2025-07-12,B2B Direct
SO000315,CUST095,2026-02-07,Marketplace
SO000316,CUST024,2025-08-22,Retail Store
SO000317,CUST090,2025-05-10,Marketplace
SO000318,CUST009,2026-02-01,Retail Store
SO000319,CUST086,2026-03-12,Retail Store
SO000320,CUST088,2025-05-13,B2B Direct
SO000321,CUST094,2026-01-24,Retail Store
SO000322,CUST100,2026-06-09,Online
SO000323,CUST013,2025-06-20,Marketplace
SO000324,CUST083,2025-09-22,Marketplace
SO000325,CUST036,2025-12-12,Retail Store
SO000326,CUST048,2026-04-14,Marketplace
SO000327,CUST019,2025-04-16,Retail Store
SO000328,CUST035,2025-10-16,B2B Direct
SO000329,CUST019,2025-10-20,Retail Store
SO000330,CUST054,2025-07-05,B2B Direct
SO000331,CUST004,2025-05-16,Online
SO000332,CUST041,2025-10-18,Marketplace
SO000333,CUST070,2025-10-21,B2B Direct
SO000334,CUST078,2026-05-14,Online
SO000335,CUST082,2025-12-17,Retail Store
SO000336,CUST093,2025-04-30,Online
SO000337,CUST069,2026-02-01,B2B Direct
SO000338,CUST048,2025-07-09,Marketplace
SO000339,CUST092,2025-07-28,Online
SO000340,CUST075,2025-12-05,Online
SO000341,CUST011,2026-01-07,Retail Store
SO000342,CUST018,2025-07-10,Retail Store
SO000343,CUST056,2026-05-23,Marketplace
SO000344,CUST030,2026-05-22,Retail Store
SO000345,CUST092,2026-01-28,B2B Direct
SO000346,CUST024,2025-05-06,B2B Direct
SO000347,CUST068,2025-12-15,Online
SO000348,CUST002,2025-11-30,Retail Store
SO000349,CUST060,2026-05-22,Online
SO000350,CUST036,2025-06-09,Retail Store
SO000351,CUST060,2026-04-11,Retail Store
SO000352,CUST075,2025-05-08,Marketplace
SO000353,CUST004,2026-01-23,Retail Store
SO000354,CUST061,2025-05-20,B2B Direct
SO000355,CUST045,2026-05-31,B2B Direct
SO000356,CUST045,2026-03-09,Marketplace
SO000357,CUST005,2025-08-17,B2B Direct
SO000358,CUST006,2025-12-01,B2B Direct
SO000359,CUST089,2025-11-01,B2B Direct
SO000360,CUST089,2026-05-21,B2B Direct
SO000361,CUST072,2025-10-02,Marketplace
SO000362,CUST082,2025-06-17,Marketplace
SO000363,CUST066,2025-08-29,Online
SO000364,CUST099,2026-02-20,Marketplace
SO000365,CUST078,2025-06-17,B2B Direct
SO000366,CUST001,2025-05-22,Retail Store
SO000367,CUST064,2026-05-04,B2B Direct
SO000368,CUST024,2026-05-02,B2B Direct
SO000369,CUST090,2025-08-10,Marketplace
SO000370,CUST038,2025-09-02,Online
SO000371,CUST010,2026-03-10,Retail Store
SO000372,CUST098,2025-08-23,Retail Store
SO000373,CUST028,2025-08-21,Online
SO000374,CUST008,2025-11-13,B2B Direct
SO000375,CUST011,2026-03-30,Marketplace
SO000376,CUST031,2026-03-26,B2B Direct
SO000377,CUST095,2025-06-11,Retail Store
SO000378,CUST088,2026-02-01,Retail Store
SO000379,CUST048,2025-11-12,B2B Direct
SO000380,CUST018,2025-04-13,Retail Store
SO000381,CUST080,2025-09-12,Marketplace
SO000382,CUST030,2025-06-28,Retail Store
SO000383,CUST100,2026-03-01,Marketplace
SO000384,CUST091,2025-06-22,B2B Direct
SO000385,CUST003,2025-07-09,B2B Direct
SO000386,CUST046,2025-07-21,Marketplace
SO000387,CUST027,2025-04-05,Marketplace
SO000388,CUST048,2026-04-17,B2B Direct
SO000389,CUST054,2025-04-20,Retail Store
SO000390,CUST034,2026-01-22,Retail Store
SO000391,CUST075,2026-06-09,Marketplace
SO000392,CUST085,2025-07-27,Retail Store
SO000393,CUST089,2026-06-05,Online
SO000394,CUST076,2026-01-15,Online
SO000395,CUST067,2025-04-03,Online
SO000396,CUST043,2025-06-21,Online
SO000397,CUST028,2026-06-20,Online
SO000398,CUST033,2025-10-05,Marketplace
SO000399,CUST036,2025-06-07,Retail Store
SO000400,CUST012,2025-12-10,Retail Store
SO000401,CUST080,2025-10-23,Online
SO000402,CUST009,2025-10-22,Retail Store
SO000403,CUST039,2026-02-23,Online
SO000404,CUST019,2025-12-13,Marketplace
SO000405,CUST027,2025-04-16,B2B Direct
SO000406,CUST009,2025-10-09,Online
SO000407,CUST091,2025-07-04,Marketplace
SO000408,CUST037,2025-10-29,Online
SO000409,CUST095,2025-06-27,Marketplace
SO000410,CUST012,2026-04-13,Online
SO000411,CUST019,2025-11-25,Online
SO000412,CUST058,2026-02-24,B2B Direct
SO000413,CUST093,2025-07-03,B2B Direct
SO000414,CUST054,2025-07-31,Online
SO000415,CUST043,2025-11-14,Marketplace
SO000416,CUST054,2025-11-02,Retail Store
SO000417,CUST032,2026-03-01,Online
SO000418,CUST026,2025-08-05,Online
SO000419,CUST066,2026-05-02,Retail Store
SO000420,CUST058,2026-03-23,Retail Store
SO000421,CUST005,2026-06-21,Retail Store
SO000422,CUST091,2025-12-12,B2B Direct
SO000423,CUST079,2025-06-01,B2B Direct
SO000424,CUST060,2026-03-12,B2B Direct
SO000425,CUST004,2026-06-05,Marketplace
SO000426,CUST010,2025-10-30,Online
SO000427,CUST041,2026-03-15,B2B Direct
SO000428,CUST066,2025-11-26,Marketplace
SO000429,CUST043,2026-02-12,Retail Store
SO000430,CUST044,2026-06-04,Retail Store
SO000431,CUST031,2025-06-24,B2B Direct
SO000432,CUST076,2026-03-19,Online
SO000433,CUST096,2025-08-03,Online
SO000434,CUST073,2025-10-16,Online
SO000435,CUST091,2025-10-14,Marketplace
SO000436,CUST054,2026-02-07,Marketplace
SO000437,CUST098,2026-06-11,Marketplace
SO000438,CUST023,2025-10-03,Online
SO000439,CUST004,2026-02-12,Online
SO000440,CUST036,2026-03-13,Retail Store
SO000441,CUST051,2025-08-10,Marketplace
SO000442,CUST089,2026-05-13,Marketplace
SO000443,CUST008,2026-04-12,B2B Direct
SO000444,CUST046,2025-10-19,Online
SO000445,CUST004,2025-07-09,Online
SO000446,CUST060,2026-04-07,Retail Store
SO000447,CUST038,2025-08-08,Marketplace
SO000448,CUST045,2025-09-21,Online
SO000449,CUST074,2025-12-05,B2B Direct
SO000450,CUST063,2025-07-07,Online
SO000451,CUST057,2025-10-12,Retail Store
SO000452,CUST053,2025-11-23,Online
SO000453,CUST093,2026-04-06,Retail Store
SO000454,CUST020,2025-07-24,Retail Store
SO000455,CUST095,2025-11-10,Marketplace
SO000456,CUST089,2025-12-31,Online
SO000457,CUST057,2025-04-16,B2B Direct
SO000458,CUST048,2025-11-10,Retail Store
SO000459,CUST007,2025-05-27,Retail Store
SO000460,CUST028,2025-04-21,Marketplace
SO000461,CUST019,2026-01-31,B2B Direct
SO000462,CUST018,2026-02-19,Marketplace
SO000463,CUST066,2026-01-30,Retail Store
SO000464,CUST025,2025-04-17,Online
SO000465,CUST094,2025-11-03,B2B Direct
SO000466,CUST048,2025-06-05,Online
SO000467,CUST050,2026-03-02,Online
SO000468,CUST070,2025-04-05,Marketplace
SO000469,CUST065,2025-08-26,Online
SO000470,CUST044,2025-09-23,B2B Direct
SO000471,CUST088,2025-06-24,Marketplace
SO000472,CUST010,2026-05-10,B2B Direct
SO000473,CUST091,2026-02-12,Online
SO000474,CUST037,2025-08-15,B2B Direct
SO000475,CUST003,2025-08-20,Marketplace
SO000476,CUST040,2025-06-25,Marketplace
SO000477,CUST041,2025-12-09,Retail Store
SO000478,CUST027,2026-04-27,B2B Direct
SO000479,CUST022,2026-05-21,Marketplace
SO000480,CUST082,2026-03-30,Marketplace
SO000481,CUST043,2026-03-03,Retail Store
SO000482,CUST032,2025-04-11,Marketplace
SO000483,CUST006,2026-04-08,Online
SO000484,CUST023,2026-02-16,B2B Direct
SO000485,CUST039,2026-02-06,Retail Store
SO000486,CUST045,2025-04-13,Online
SO000487,CUST093,2025-07-02,B2B Direct
SO000488,CUST086,2025-06-17,Retail Store
SO000489,CUST067,2025-07-01,Retail Store
SO000490,CUST052,2026-02-14,Marketplace
SO000491,CUST081,2026-01-13,B2B Direct
SO000492,CUST069,2025-12-03,B2B Direct
SO000493,CUST065,2026-02-04,Online
SO000494,CUST026,2025-11-22,Online
SO000495,CUST042,2025-07-22,Online
SO000496,CUST061,2026-03-14,B2B Direct
SO000497,CUST037,2026-06-22,Marketplace
SO000498,CUST092,2025-12-07,B2B Direct
SO000499,CUST094,2026-06-01,B2B Direct
SO000500,CUST068,2026-06-01,Online
SO000501,CUST083,2026-04-23,Retail Store
SO000502,CUST026,2025-04-08,Online
SO000503,CUST064,2026-04-15,Retail Store
SO000504,CUST066,2025-05-19,Marketplace
SO000505,CUST042,2026-01-13,Marketplace
SO000506,CUST079,2025-07-18,Marketplace
SO000507,CUST032,2026-02-09,Online
SO000508,CUST086,2025-10-22,Online
SO000509,CUST014,2025-04-11,B2B Direct
SO000510,CUST018,2025-12-31,Online
SO000511,CUST078,2025-04-29,B2B Direct
SO000512,CUST018,2025-07-04,Marketplace
SO000513,CUST068,2026-06-16,Online
SO000514,CUST050,2025-07-17,B2B Direct
SO000515,CUST005,2025-06-15,Marketplace
SO000516,CUST011,2025-08-27,Marketplace
SO000517,CUST079,2026-05-01,Online
SO000518,CUST065,2026-03-27,Retail Store
SO000519,CUST075,2026-02-13,Retail Store
SO000520,CUST097,2026-06-23,Marketplace
SO000521,CUST024,2025-05-20,Retail Store
SO000522,CUST033,2025-04-03,B2B Direct
SO000523,CUST055,2025-10-06,B2B Direct
SO000524,CUST078,2025-05-22,B2B Direct
SO000525,CUST099,2026-01-01,Marketplace
SO000526,CUST082,2025-07-17,Retail Store
SO000527,CUST042,2026-04-16,Online
SO000528,CUST046,2026-03-26,Retail Store
SO000529,CUST083,2026-01-15,B2B Direct
SO000530,CUST073,2025-07-17,Marketplace
SO000531,CUST060,2026-02-26,Marketplace
SO000532,CUST021,2025-06-24,Online
SO000533,CUST002,2026-01-21,B2B Direct
SO000534,CUST040,2026-01-13,B2B Direct
SO000535,CUST025,2025-04-21,Retail Store
SO000536,CUST041,2025-07-01,Marketplace
SO000537,CUST040,2026-03-12,Retail Store
SO000538,CUST022,2026-02-08,Marketplace
SO000539,CUST047,2025-06-26,Online
SO000540,CUST035,2025-06-16,B2B Direct
SO000541,CUST095,2026-05-15,Online
SO000542,CUST075,2025-07-04,Marketplace
SO000543,CUST041,2025-09-10,B2B Direct
SO000544,CUST035,2025-06-08,Marketplace
SO000545,CUST005,2025-04-20,Marketplace
SO000546,CUST084,2026-01-29,B2B Direct
SO000547,CUST045,2025-06-09,Retail Store
SO000548,CUST032,2025-10-05,B2B Direct
SO000549,CUST012,2026-03-21,B2B Direct
SO000550,CUST011,2025-08-16,Retail Store
SO000551,CUST063,2025-04-19,Marketplace
SO000552,CUST018,2025-04-05,B2B Direct
SO000553,CUST026,2026-02-12,Retail Store
SO000554,CUST016,2025-12-03,B2B Direct
SO000555,CUST055,2025-05-31,B2B Direct
SO000556,CUST075,2026-01-04,Marketplace
SO000557,CUST026,2025-09-16,Retail Store
SO000558,CUST080,2025-12-19,B2B Direct
SO000559,CUST067,2026-02-04,Marketplace
SO000560,CUST053,2025-12-26,B2B Direct
SO000561,CUST005,2025-09-04,Marketplace
SO000562,CUST076,2025-11-03,B2B Direct
SO000563,CUST032,2026-06-15,Online
SO000564,CUST008,2025-05-17,Retail Store
SO000565,CUST027,2026-04-04,Retail Store
SO000566,CUST015,2025-07-06,Online
SO000567,CUST015,2025-08-19,Marketplace
SO000568,CUST059,2025-04-07,Retail Store
SO000569,CUST041,2025-04-11,B2B Direct
SO000570,CUST075,2026-05-03,Marketplace
SO000571,CUST059,2025-07-09,Marketplace
SO000572,CUST052,2025-12-07,Retail Store
SO000573,CUST075,2026-01-21,B2B Direct
SO000574,CUST010,2026-06-06,Retail Store
SO000575,CUST061,2026-06-13,B2B Direct
SO000576,CUST026,2025-10-14,Retail Store
SO000577,CUST041,2026-05-30,Marketplace
SO000578,CUST049,2026-01-26,Online
SO000579,CUST016,2026-05-01,Marketplace
SO000580,CUST074,2026-04-07,Marketplace
SO000581,CUST058,2025-09-01,Marketplace
SO000582,CUST087,2025-06-01,Marketplace
SO000583,CUST077,2025-04-01,Online
SO000584,CUST069,2025-09-07,B2B Direct
SO000585,CUST099,2025-09-29,Online
SO000586,CUST050,2025-10-31,Online
SO000587,CUST061,2026-04-28,Retail Store
SO000588,CUST079,2026-06-19,B2B Direct
SO000589,CUST011,2025-10-10,Online
SO000590,CUST083,2025-11-17,Marketplace
SO000591,CUST095,2025-08-04,Marketplace
SO000592,CUST002,2026-04-08,Online
SO000593,CUST088,2025-08-29,Online
SO000594,CUST069,2026-06-15,Online
SO000595,CUST090,2025-04-17,B2B Direct
SO000596,CUST047,2025-06-18,Retail Store
SO000597,CUST052,2025-10-02,Retail Store
SO000598,CUST088,2025-10-08,Marketplace
SO000599,CUST054,2025-09-07,B2B Direct
SO000600,CUST068,2026-01-13,Marketplace
SO000601,CUST089,2025-05-27,Marketplace
SO000602,CUST099,2025-10-08,Retail Store
SO000603,CUST005,2025-11-28,Online
SO000604,CUST021,2025-07-10,Marketplace
SO000605,CUST086,2025-09-22,Online
SO000606,CUST071,2025-08-18,B2B Direct
SO000607,CUST001,2025-12-02,Marketplace
SO000608,CUST009,2026-04-23,Online
SO000609,CUST019,2025-06-26,Online
SO000610,CUST099,2026-02-27,Retail Store
SO000611,CUST031,2025-10-06,B2B Direct
SO000612,CUST056,2025-12-12,B2B Direct
SO000613,CUST098,2025-12-17,B2B Direct
SO000614,CUST029,2025-05-29,Retail Store
SO000615,CUST030,2026-06-11,Marketplace
SO000616,CUST081,2025-10-08,B2B Direct
SO000617,CUST050,2025-04-02,Marketplace
SO000618,CUST052,2025-07-16,Online
SO000619,CUST037,2026-04-17,Marketplace
SO000620,CUST019,2026-05-25,Marketplace
SO000621,CUST082,2025-07-24,B2B Direct
SO000622,CUST075,2025-11-08,Online
SO000623,CUST051,2026-04-01,B2B Direct
SO000624,CUST084,2025-05-28,Online
SO000625,CUST007,2026-01-21,Online
SO000626,CUST029,2026-02-13,Online
SO000627,CUST082,2026-01-03,B2B Direct
SO000628,CUST087,2026-03-19,Online
SO000629,CUST078,2026-06-03,Retail Store
SO000630,CUST021,2026-02-20,Retail Store
SO000631,CUST070,2025-09-04,Retail Store
SO000632,CUST046,2026-04-02,Retail Store
SO000633,CUST079,2025-07-19,B2B Direct
SO000634,CUST068,2025-06-28,Marketplace
SO000635,CUST027,2025-04-15,Marketplace
SO000636,CUST046,2025-10-19,Retail Store
SO000637,CUST091,2026-05-27,Marketplace
SO000638,CUST011,2025-12-13,Retail Store
SO000639,CUST074,2025-07-27,Retail Store
SO000640,CUST100,2025-10-28,Marketplace
SO000641,CUST087,2025-07-09,Marketplace
SO000642,CUST026,2026-03-12,Online
SO000643,CUST075,2025-07-11,Retail Store
SO000644,CUST097,2026-06-06,Marketplace
SO000645,CUST028,2026-03-20,Marketplace
SO000646,CUST057,2026-04-11,Marketplace
SO000647,CUST081,2025-07-14,Online
SO000648,CUST096,2026-04-25,Retail Store
SO000649,CUST059,2025-06-20,B2B Direct
SO000650,CUST084,2025-10-24,Online
SO000651,CUST003,2026-04-29,Online
SO000652,CUST013,2026-02-21,Retail Store
SO000653,CUST022,2026-06-16,B2B Direct
SO000654,CUST096,2026-01-02,B2B Direct
SO000655,CUST017,2025-04-16,Retail Store
SO000656,CUST058,2025-11-20,Marketplace
SO000657,CUST100,2026-04-16,Online
SO000658,CUST032,2025-06-20,B2B Direct
SO000659,CUST030,2026-02-03,Marketplace
SO000660,CUST089,2025-12-18,B2B Direct
SO000661,CUST091,2025-11-01,Marketplace
SO000662,CUST038,2026-05-23,Marketplace
SO000663,CUST088,2025-12-24,Online
SO000664,CUST034,2025-09-22,B2B Direct
SO000665,CUST035,2025-04-07,B2B Direct
SO000666,CUST020,2026-02-05,Marketplace
SO000667,CUST048,2025-07-23,Retail Store
SO000668,CUST092,2025-10-07,Online
SO000669,CUST095,2025-11-08,Retail Store
SO000670,CUST069,2025-11-13,B2B Direct
SO000671,CUST042,2025-12-10,Online
SO000672,CUST015,2026-05-01,Retail Store
SO000673,CUST003,2025-07-18,B2B Direct
SO000674,CUST079,2025-10-18,Online
SO000675,CUST078,2025-06-12,Retail Store
SO000676,CUST007,2026-03-31,B2B Direct
SO000677,CUST089,2025-10-10,Retail Store
SO000678,CUST020,2025-10-28,Marketplace
SO000679,CUST065,2026-01-22,Marketplace
SO000680,CUST072,2026-01-22,Retail Store
SO000681,CUST007,2025-10-26,Marketplace
SO000682,CUST030,2026-05-13,Marketplace
SO000683,CUST064,2026-05-04,Retail Store
SO000684,CUST030,2025-12-17,Marketplace
SO000685,CUST099,2026-06-24,Retail Store
SO000686,CUST066,2026-04-08,Retail Store
SO000687,CUST072,2026-02-19,Marketplace
SO000688,CUST094,2026-04-19,B2B Direct
SO000689,CUST081,2026-01-20,Retail Store
SO000690,CUST074,2026-04-24,Retail Store
SO000691,CUST004,2026-02-27,B2B Direct
SO000692,CUST057,2025-05-31,Marketplace
SO000693,CUST017,2026-05-27,Online
SO000694,CUST070,2025-04-24,B2B Direct
SO000695,CUST090,2025-10-05,Online
SO000696,CUST017,2025-08-20,Marketplace
SO000697,CUST065,2026-02-11,Retail Store
SO000698,CUST007,2025-08-19,Retail Store
SO000699,CUST085,2026-01-31,Marketplace
SO000700,CUST001,2025-06-12,Marketplace
SO000701,CUST071,2025-08-08,Marketplace
SO000702,CUST029,2025-08-23,Marketplace
SO000703,CUST042,2025-08-06,Marketplace
SO000704,CUST024,2025-06-16,Marketplace
SO000705,CUST098,2025-04-22,Marketplace
SO000706,CUST052,2025-04-16,Retail Store
SO000707,CUST053,2026-05-25,Online
SO000708,CUST076,2026-04-09,Online
SO000709,CUST028,2025-07-09,B2B Direct
SO000710,CUST099,2025-04-08,Online
SO000711,CUST050,2026-05-04,B2B Direct
SO000712,CUST050,2025-06-13,Retail Store
SO000713,CUST016,2026-04-05,B2B Direct
SO000714,CUST068,2026-01-29,Retail Store
SO000715,CUST066,2025-06-23,Marketplace
SO000716,CUST015,2025-06-08,Marketplace
SO000717,CUST100,2026-03-18,Online
SO000718,CUST074,2025-04-23,Online
SO000719,CUST057,2025-10-28,B2B Direct
SO000720,CUST027,2025-08-23,B2B Direct
SO000721,CUST037,2025-09-06,Online
SO000722,CUST076,2025-11-12,Marketplace
SO000723,CUST031,2026-06-21,Retail Store
SO000724,CUST077,2025-12-16,Marketplace
SO000725,CUST088,2025-06-19,Online
SO000726,CUST053,2026-01-16,Retail Store
SO000727,CUST001,2025-09-28,B2B Direct
SO000728,CUST093,2025-07-07,Marketplace
SO000729,CUST086,2025-04-30,B2B Direct
SO000730,CUST072,2025-06-10,B2B Direct
SO000731,CUST010,2026-01-05,Online
SO000732,CUST004,2025-10-13,Marketplace
SO000733,CUST098,2026-03-19,Online
SO000734,CUST053,2026-02-12,Retail Store
SO000735,CUST002,2026-06-20,Retail Store
SO000736,CUST094,2025-05-04,B2B Direct
SO000737,CUST079,2025-04-20,Marketplace
SO000738,CUST087,2026-04-04,Retail Store
SO000739,CUST009,2025-09-18,Retail Store
SO000740,CUST093,2025-05-04,Retail Store
SO000741,CUST051,2025-04-16,Retail Store
SO000742,CUST032,2025-07-17,Online
SO000743,CUST056,2025-10-03,B2B Direct
SO000744,CUST071,2026-03-21,B2B Direct
SO000745,CUST022,2026-03-04,Retail Store
SO000746,CUST097,2026-01-19,B2B Direct
SO000747,CUST037,2025-08-19,B2B Direct
SO000748,CUST019,2026-03-26,B2B Direct
SO000749,CUST019,2026-06-04,B2B Direct
SO000750,CUST023,2026-04-16,Online
SO000751,CUST025,2026-03-25,Retail Store
SO000752,CUST081,2025-06-16,Online
SO000753,CUST086,2025-09-06,B2B Direct
SO000754,CUST051,2025-04-08,Retail Store
SO000755,CUST055,2025-09-08,Retail Store
SO000756,CUST034,2026-03-30,Retail Store
SO000757,CUST087,2025-09-04,Retail Store
SO000758,CUST090,2025-10-12,B2B Direct
SO000759,CUST051,2025-05-22,Retail Store
SO000760,CUST085,2025-06-09,Marketplace
SO000761,CUST023,2025-04-16,Marketplace
SO000762,CUST040,2025-12-30,Retail Store
SO000763,CUST033,2025-08-02,B2B Direct
SO000764,CUST055,2025-09-13,Marketplace
SO000765,CUST047,2025-11-22,Marketplace
SO000766,CUST009,2026-05-04,Marketplace
SO000767,CUST053,2026-03-21,Online
SO000768,CUST065,2025-04-15,Online
SO000769,CUST054,2026-02-26,Marketplace
SO000770,CUST052,2025-06-26,B2B Direct
SO000771,CUST052,2026-03-04,B2B Direct
SO000772,CUST037,2025-09-25,Marketplace
SO000773,CUST054,2025-10-23,Marketplace
SO000774,CUST054,2025-06-14,Online
SO000775,CUST059,2025-06-29,Online
SO000776,CUST090,2025-08-17,Marketplace
SO000777,CUST005,2025-09-05,B2B Direct
SO000778,CUST054,2025-06-15,Marketplace
SO000779,CUST061,2026-01-26,Retail Store
SO000780,CUST079,2025-07-11,Marketplace
SO000781,CUST006,2025-08-09,Retail Store
SO000782,CUST091,2025-08-14,Marketplace
SO000783,CUST055,2025-11-20,B2B Direct
SO000784,CUST022,2026-03-06,B2B Direct
SO000785,CUST078,2025-04-15,B2B Direct
SO000786,CUST002,2026-01-10,Retail Store
SO000787,CUST036,2026-06-07,Marketplace
SO000788,CUST084,2025-11-07,B2B Direct
SO000789,CUST063,2026-04-15,Online
SO000790,CUST072,2025-09-26,Online
SO000791,CUST063,2026-05-30,Online
SO000792,CUST069,2025-10-16,Marketplace
SO000793,CUST089,2025-09-13,Online
SO000794,CUST029,2025-07-23,Retail Store
SO000795,CUST083,2025-09-19,Marketplace
SO000796,CUST089,2026-04-10,Marketplace
SO000797,CUST033,2026-05-06,Marketplace
SO000798,CUST006,2025-09-27,Retail Store
SO000799,CUST067,2025-08-31,Retail Store
SO000800,CUST076,2025-11-16,B2B Direct
SO000801,CUST050,2025-10-23,Retail Store
SO000802,CUST053,2026-05-08,B2B Direct
SO000803,CUST008,2026-01-08,Online
SO000804,CUST097,2025-09-24,B2B Direct
SO000805,CUST010,2025-10-31,B2B Direct
SO000806,CUST093,2026-01-15,Online
SO000807,CUST097,2025-11-14,B2B Direct
SO000808,CUST016,2025-05-15,Retail Store
SO000809,CUST068,2025-07-03,Online
SO000810,CUST096,2026-05-31,Marketplace
SO000811,CUST079,2025-07-18,B2B Direct
SO000812,CUST074,2026-05-16,Retail Store
SO000813,CUST006,2025-11-20,Online
SO000814,CUST063,2025-09-27,Online
SO000815,CUST063,2026-06-17,Retail Store
SO000816,CUST086,2025-08-24,Marketplace
SO000817,CUST094,2025-06-27,Online
SO000818,CUST098,2025-08-11,Retail Store
SO000819,CUST029,2025-05-08,Retail Store
SO000820,CUST086,2025-06-29,Marketplace
SO000821,CUST038,2025-04-21,Online
SO000822,CUST076,2026-06-03,Online
SO000823,CUST033,2025-08-01,B2B Direct
SO000824,CUST035,2026-01-08,Online
SO000825,CUST081,2026-02-27,Marketplace
SO000826,CUST004,2025-10-05,Retail Store
SO000827,CUST053,2025-05-21,Marketplace
SO000828,CUST086,2025-10-17,Online
SO000829,CUST022,2026-03-27,Retail Store
SO000830,CUST083,2026-02-17,Marketplace
SO000831,CUST070,2026-04-16,Online
SO000832,CUST079,2026-03-25,Online
SO000833,CUST078,2025-08-08,Online
SO000834,CUST090,2025-06-03,B2B Direct
SO000835,CUST069,2025-06-06,B2B Direct
SO000836,CUST014,2025-06-01,B2B Direct
SO000837,CUST074,2025-07-25,Retail Store
SO000838,CUST074,2026-01-11,Marketplace
SO000839,CUST070,2026-04-25,Retail Store
SO000840,CUST024,2026-01-16,Online
SO000841,CUST009,2026-02-10,Online
SO000842,CUST083,2026-03-11,Retail Store
SO000843,CUST014,2025-08-24,Marketplace
SO000844,CUST077,2026-03-11,Retail Store
SO000845,CUST034,2025-05-17,Retail Store
SO000846,CUST077,2025-04-21,Marketplace
SO000847,CUST084,2025-06-09,Marketplace
SO000848,CUST077,2025-10-18,Retail Store
SO000849,CUST090,2025-08-03,Online
SO000850,CUST006,2025-09-15,Online
SO000851,CUST039,2025-06-05,Retail Store
SO000852,CUST096,2025-04-05,Online
SO000853,CUST060,2025-09-13,Marketplace
SO000854,CUST095,2025-04-08,B2B Direct
SO000855,CUST049,2025-09-26,Marketplace
SO000856,CUST085,2026-02-17,B2B Direct
SO000857,CUST024,2025-06-10,Retail Store
SO000858,CUST044,2025-10-10,Retail Store
SO000859,CUST090,2025-11-13,B2B Direct
SO000860,CUST025,2025-06-21,Retail Store
SO000861,CUST035,2025-04-28,B2B Direct
SO000862,CUST018,2026-02-25,Online
SO000863,CUST055,2025-09-16,B2B Direct
SO000864,CUST025,2026-02-21,Retail Store
SO000865,CUST023,2025-12-15,Retail Store
SO000866,CUST005,2025-07-16,B2B Direct
SO000867,CUST037,2026-03-24,Online
SO000868,CUST027,2025-10-04,Retail Store
SO000869,CUST087,2025-12-29,Marketplace
SO000870,CUST038,2026-04-30,Marketplace
SO000871,CUST100,2026-04-24,Online
SO000872,CUST010,2026-04-15,Retail Store
SO000873,CUST028,2025-11-29,Marketplace
SO000874,CUST044,2025-04-15,Online
SO000875,CUST026,2025-11-01,Online
SO000876,CUST054,2025-07-06,B2B Direct
SO000877,CUST013,2025-09-23,B2B Direct
SO000878,CUST095,2025-07-02,Marketplace
SO000879,CUST037,2025-06-10,Marketplace
SO000880,CUST078,2025-07-01,B2B Direct
SO000881,CUST040,2025-04-06,Retail Store
SO000882,CUST028,2026-01-30,Marketplace
SO000883,CUST074,2025-08-09,Online
SO000884,CUST081,2025-10-05,Online
SO000885,CUST077,2026-05-27,Online
SO000886,CUST092,2025-11-10,B2B Direct
SO000887,CUST023,2026-06-19,Retail Store
SO000888,CUST074,2025-06-09,Online
SO000889,CUST073,2025-04-27,Online
SO000890,CUST099,2026-01-10,Marketplace
SO000891,CUST081,2025-06-10,B2B Direct
SO000892,CUST042,2026-02-02,Marketplace
SO000893,CUST071,2025-08-15,Marketplace
SO000894,CUST051,2025-10-15,Marketplace
SO000895,CUST076,2026-01-26,Online
SO000896,CUST062,2025-10-10,Retail Store
SO000897,CUST050,2026-02-23,B2B Direct
SO000898,CUST088,2025-05-24,Online
SO000899,CUST050,2026-02-15,B2B Direct
SO000900,CUST053,2025-08-13,Online
SO000901,CUST075,2026-05-04,Retail Store
SO000902,CUST015,2025-06-04,Retail Store
SO000903,CUST072,2025-07-04,B2B Direct
SO000904,CUST069,2026-05-26,Marketplace
SO000905,CUST062,2026-05-20,Online
SO000906,CUST082,2025-10-10,B2B Direct
SO000907,CUST014,2025-07-24,Marketplace
SO000908,CUST093,2026-05-26,Online
SO000909,CUST046,2026-01-24,Retail Store
SO000910,CUST053,2025-04-18,Online
SO000911,CUST050,2025-06-16,Marketplace
SO000912,CUST021,2026-04-15,Online
SO000913,CUST017,2025-11-22,Marketplace
SO000914,CUST100,2025-05-21,Online
SO000915,CUST003,2025-12-28,B2B Direct
SO000916,CUST032,2026-03-13,Retail Store
SO000917,CUST099,2025-04-08,Online
SO000918,CUST054,2025-05-16,Online
SO000919,CUST013,2026-02-14,Retail Store
SO000920,CUST055,2026-06-10,Online
SO000921,CUST045,2026-01-10,Retail Store
SO000922,CUST053,2025-06-06,Marketplace
SO000923,CUST008,2025-12-08,B2B Direct
SO000924,CUST014,2025-11-25,B2B Direct
SO000925,CUST057,2025-06-12,Retail Store
SO000926,CUST005,2025-05-28,B2B Direct
SO000927,CUST008,2025-07-10,Retail Store
SO000928,CUST010,2026-06-12,B2B Direct
SO000929,CUST077,2026-02-22,Online
SO000930,CUST006,2026-03-26,B2B Direct
SO000931,CUST096,2026-03-09,Marketplace
SO000932,CUST069,2025-09-05,B2B Direct
SO000933,CUST096,2025-11-15,Online
SO000934,CUST056,2025-06-25,B2B Direct
SO000935,CUST021,2025-05-15,Online
SO000936,CUST066,2026-04-08,Marketplace
SO000937,CUST082,2026-03-14,Marketplace
SO000938,CUST010,2026-04-02,B2B Direct
SO000939,CUST073,2025-09-30,Online
SO000940,CUST043,2026-05-03,Marketplace
SO000941,CUST086,2025-05-10,Retail Store
SO000942,CUST033,2025-05-06,B2B Direct
SO000943,CUST096,2025-10-08,B2B Direct
SO000944,CUST089,2025-10-03,Online
SO000945,CUST023,2025-10-09,Online
SO000946,CUST054,2026-03-04,Retail Store
SO000947,CUST003,2026-05-06,Online
SO000948,CUST085,2026-04-11,Online
SO000949,CUST058,2025-06-22,Online
SO000950,CUST088,2026-04-15,Online
SO000951,CUST035,2025-06-02,B2B Direct
SO000952,CUST005,2026-01-23,Marketplace
SO000953,CUST075,2025-04-28,Retail Store
SO000954,CUST051,2026-05-15,Retail Store
SO000955,CUST009,2026-06-15,Online
SO000956,CUST068,2025-10-03,Marketplace
SO000957,CUST073,2025-10-04,Retail Store
SO000958,CUST048,2026-04-06,B2B Direct
SO000959,CUST037,2025-11-18,Retail Store
SO000960,CUST040,2025-08-16,Marketplace
SO000961,CUST050,2025-07-21,B2B Direct
SO000962,CUST022,2025-04-11,Online
SO000963,CUST084,2025-08-15,B2B Direct
SO000964,CUST028,2025-06-11,Online
SO000965,CUST077,2025-06-22,Online
SO000966,CUST022,2025-04-09,Retail Store
SO000967,CUST082,2026-05-04,Online
SO000968,CUST073,2025-09-07,Marketplace
SO000969,CUST090,2026-02-27,Online
SO000970,CUST075,2025-08-19,Marketplace
SO000971,CUST090,2025-10-22,B2B Direct
SO000972,CUST013,2026-01-10,B2B Direct
SO000973,CUST096,2025-08-11,Online
SO000974,CUST052,2026-06-23,Marketplace
SO000975,CUST018,2026-03-12,Online
SO000976,CUST036,2025-08-31,B2B Direct
SO000977,CUST046,2026-01-22,Retail Store
SO000978,CUST075,2025-04-04,B2B Direct
SO000979,CUST059,2026-03-12,Retail Store
SO000980,CUST036,2026-03-09,Marketplace
SO000981,CUST059,2025-10-06,B2B Direct
SO000982,CUST031,2026-04-23,Marketplace
SO000983,CUST019,2025-04-28,Retail Store
SO000984,CUST079,2026-02-27,Retail Store
SO000985,CUST016,2025-11-23,Retail Store
SO000986,CUST082,2026-02-06,Online
SO000987,CUST098,2026-05-27,Marketplace
SO000988,CUST068,2026-06-11,Online
SO000989,CUST044,2025-04-14,Retail Store
SO000990,CUST079,2025-11-05,B2B Direct
SO000991,CUST085,2025-04-20,Online
SO000992,CUST058,2026-05-19,B2B Direct
SO000993,CUST080,2025-08-13,Online
SO000994,CUST081,2025-09-23,Marketplace
SO000995,CUST029,2025-08-25,B2B Direct
SO000996,CUST094,2025-06-30,Online
SO000997,CUST075,2025-05-27,Retail Store
SO000998,CUST094,2025-08-23,Retail Store
SO000999,CUST010,2025-05-31,Marketplace
SO001000,CUST031,2026-02-07,Marketplace
SO001001,CUST016,2025-05-05,Online
SO001002,CUST070,2025-05-27,Retail Store
SO001003,CUST003,2025-09-24,B2B Direct
SO001004,CUST093,2025-05-17,Online
SO001005,CUST081,2025-06-24,Online
SO001006,CUST014,2025-04-12,Retail Store
SO001007,CUST030,2025-05-31,Marketplace
SO001008,CUST092,2026-04-04,B2B Direct
SO001009,CUST086,2026-04-18,Marketplace
SO001010,CUST041,2025-04-11,Online
SO001011,CUST068,2025-07-27,Online
SO001012,CUST100,2025-07-01,Retail Store
SO001013,CUST006,2026-05-04,Marketplace
SO001014,CUST008,2025-08-25,Online
SO001015,CUST029,2026-04-24,Online
SO001016,CUST021,2026-06-21,Marketplace
SO001017,CUST078,2025-08-09,Retail Store
SO001018,CUST031,2026-04-09,B2B Direct
SO001019,CUST098,2025-06-30,B2B Direct
SO001020,CUST100,2025-10-16,B2B Direct
SO001021,CUST056,2025-04-06,Marketplace
SO001022,CUST026,2026-04-28,B2B Direct
SO001023,CUST032,2026-03-20,B2B Direct
SO001024,CUST024,2025-11-26,Marketplace
SO001025,CUST057,2025-11-15,Retail Store
SO001026,CUST047,2025-06-08,Retail Store
SO001027,CUST003,2025-05-08,Retail Store
SO001028,CUST098,2025-04-26,Online
SO001029,CUST097,2025-10-03,Retail Store
SO001030,CUST045,2026-01-01,Online
SO001031,CUST017,2025-04-29,Retail Store
SO001032,CUST074,2026-06-19,Marketplace
SO001033,CUST086,2025-08-28,B2B Direct
SO001034,CUST040,2025-07-19,Marketplace
SO001035,CUST096,2025-04-08,Online
SO001036,CUST029,2025-10-27,B2B Direct
SO001037,CUST007,2025-04-13,Retail Store
SO001038,CUST004,2025-06-29,Marketplace
SO001039,CUST005,2025-10-07,B2B Direct
SO001040,CUST009,2026-01-11,Marketplace
SO001041,CUST010,2025-10-17,B2B Direct
SO001042,CUST078,2025-07-05,Online
SO001043,CUST067,2026-02-09,Online
SO001044,CUST044,2025-12-15,Retail Store
SO001045,CUST079,2025-12-09,B2B Direct
SO001046,CUST064,2025-08-05,Online
SO001047,CUST025,2026-02-18,Retail Store
SO001048,CUST077,2026-02-06,Retail Store
SO001049,CUST009,2025-05-28,Online
SO001050,CUST026,2025-09-06,Retail Store
SO001051,CUST013,2025-12-31,B2B Direct
SO001052,CUST086,2025-11-06,Marketplace
SO001053,CUST043,2026-04-23,Online
SO001054,CUST047,2025-09-07,B2B Direct
SO001055,CUST043,2025-09-05,B2B Direct
SO001056,CUST006,2025-10-05,Retail Store
SO001057,CUST034,2025-12-12,Online
SO001058,CUST019,2025-12-08,Marketplace
SO001059,CUST044,2025-10-20,Marketplace
SO001060,CUST038,2026-01-08,Retail Store
SO001061,CUST042,2026-06-23,Online
SO001062,CUST085,2025-11-06,Marketplace
SO001063,CUST035,2026-05-07,Online
SO001064,CUST083,2025-04-11,Retail Store
SO001065,CUST060,2026-05-13,Online
SO001066,CUST064,2025-09-10,Online
SO001067,CUST030,2025-09-16,Online
SO001068,CUST049,2025-05-18,Retail Store
SO001069,CUST090,2025-10-12,Retail Store
SO001070,CUST006,2026-06-05,Retail Store
SO001071,CUST048,2026-04-03,Marketplace
SO001072,CUST096,2025-10-22,B2B Direct
SO001073,CUST088,2025-07-14,Online
SO001074,CUST025,2026-04-28,B2B Direct
SO001075,CUST088,2026-03-25,Online
SO001076,CUST022,2026-02-15,Online
SO001077,CUST077,2026-01-26,Online
SO001078,CUST060,2025-08-03,Retail Store
SO001079,CUST052,2026-05-17,Marketplace
SO001080,CUST058,2025-07-02,Retail Store
SO001081,CUST085,2026-03-01,Online
SO001082,CUST030,2026-01-01,B2B Direct
SO001083,CUST046,2026-06-21,Online
SO001084,CUST065,2025-11-03,Marketplace
SO001085,CUST061,2026-06-21,Online
SO001086,CUST028,2026-04-17,Retail Store
SO001087,CUST064,2025-08-05,Marketplace
SO001088,CUST083,2025-08-31,Marketplace
SO001089,CUST091,2026-06-13,Marketplace
SO001090,CUST059,2026-04-12,Online
SO001091,CUST096,2026-06-15,Marketplace
SO001092,CUST006,2025-12-01,Marketplace
SO001093,CUST049,2025-08-13,Retail Store
SO001094,CUST062,2025-12-02,Retail Store
SO001095,CUST068,2025-10-14,Retail Store
SO001096,CUST094,2025-11-15,B2B Direct
SO001097,CUST086,2026-02-22,B2B Direct
SO001098,CUST070,2025-05-21,Marketplace
SO001099,CUST075,2025-12-31,Retail Store
SO001100,CUST072,2025-06-28,Online
SO001101,CUST036,2025-08-26,Retail Store
SO001102,CUST082,2025-04-26,B2B Direct
SO001103,CUST047,2026-06-18,Marketplace
SO001104,CUST072,2025-05-05,Marketplace
SO001105,CUST058,2025-12-27,Online
SO001106,CUST010,2025-10-10,Online
SO001107,CUST041,2025-08-03,B2B Direct
SO001108,CUST019,2026-01-07,Marketplace
SO001109,CUST092,2025-04-16,Retail Store
SO001110,CUST076,2025-11-04,Marketplace
SO001111,CUST067,2026-02-25,Retail Store
SO001112,CUST072,2025-10-14,Retail Store
SO001113,CUST021,2026-04-09,Online
SO001114,CUST011,2025-10-10,Marketplace
SO001115,CUST086,2025-12-23,B2B Direct
SO001116,CUST009,2026-01-08,Marketplace
SO001117,CUST009,2026-06-10,Marketplace
SO001118,CUST020,2026-01-13,B2B Direct
SO001119,CUST017,2026-05-13,B2B Direct
SO001120,CUST051,2026-02-05,Marketplace
SO001121,CUST052,2025-07-28,B2B Direct
SO001122,CUST052,2026-05-10,Retail Store
SO001123,CUST059,2025-07-15,Online
SO001124,CUST055,2025-10-04,B2B Direct
SO001125,CUST099,2025-11-07,Retail Store
SO001126,CUST074,2026-01-16,Online
SO001127,CUST085,2025-07-12,B2B Direct
SO001128,CUST077,2025-07-07,Marketplace
SO001129,CUST061,2026-04-25,B2B Direct
SO001130,CUST002,2026-03-21,Retail Store
SO001131,CUST082,2026-04-27,Retail Store
SO001132,CUST064,2026-06-24,Online
SO001133,CUST071,2026-05-15,Retail Store
SO001134,CUST002,2026-01-16,Retail Store
SO001135,CUST039,2025-08-26,B2B Direct
SO001136,CUST082,2026-01-25,Online
SO001137,CUST054,2025-09-09,Retail Store
SO001138,CUST032,2025-08-11,Marketplace
SO001139,CUST023,2026-02-28,B2B Direct
SO001140,CUST015,2025-06-05,Retail Store
SO001141,CUST002,2026-01-25,Retail Store
SO001142,CUST002,2026-04-21,Retail Store
SO001143,CUST013,2025-10-20,B2B Direct
SO001144,CUST016,2025-08-03,B2B Direct
SO001145,CUST008,2026-06-15,Online
SO001146,CUST040,2025-04-21,B2B Direct
SO001147,CUST046,2026-03-03,Retail Store
SO001148,CUST024,2025-04-21,Retail Store
SO001149,CUST023,2025-07-08,Marketplace
SO001150,CUST067,2025-05-07,B2B Direct
SO001151,CUST088,2025-09-10,Retail Store
SO001152,CUST076,2025-04-07,Marketplace
SO001153,CUST074,2025-05-16,Online
SO001154,CUST045,2026-06-16,Online
SO001155,CUST094,2026-04-24,Online
SO001156,CUST084,2026-03-11,Retail Store
SO001157,CUST011,2025-06-21,Retail Store
SO001158,CUST082,2025-05-12,Online
SO001159,CUST027,2025-12-29,Marketplace
SO001160,CUST022,2025-08-28,Online
SO001161,CUST045,2026-01-22,B2B Direct
SO001162,CUST048,2026-03-18,Retail Store
SO001163,CUST013,2025-11-14,Retail Store
SO001164,CUST032,2026-04-04,B2B Direct
SO001165,CUST006,2026-05-01,Retail Store
SO001166,CUST017,2026-05-10,B2B Direct
SO001167,CUST083,2026-02-24,Online
SO001168,CUST012,2025-08-03,Online
SO001169,CUST095,2025-09-10,Retail Store
SO001170,CUST016,2025-04-03,Retail Store
SO001171,CUST052,2026-05-05,Online
SO001172,CUST097,2025-10-21,B2B Direct
SO001173,CUST015,2026-01-14,Online
SO001174,CUST041,2025-12-29,B2B Direct
SO001175,CUST039,2025-11-03,Marketplace
SO001176,CUST017,2025-04-06,Online
SO001177,CUST092,2026-04-10,B2B Direct
SO001178,CUST076,2025-09-19,B2B Direct
SO001179,CUST094,2025-10-09,B2B Direct
SO001180,CUST100,2025-07-31,Retail Store
SO001181,CUST079,2025-04-23,Retail Store
SO001182,CUST012,2026-03-16,Marketplace
SO001183,CUST082,2025-07-21,Marketplace
SO001184,CUST080,2025-12-30,B2B Direct
SO001185,CUST024,2026-06-24,Retail Store
SO001186,CUST039,2025-12-01,B2B Direct
SO001187,CUST009,2025-05-22,Retail Store
SO001188,CUST094,2026-02-05,Marketplace
SO001189,CUST009,2026-04-16,B2B Direct
SO001190,CUST063,2025-12-31,B2B Direct
SO001191,CUST060,2026-01-15,Retail Store
SO001192,CUST061,2026-01-31,Retail Store
SO001193,CUST085,2026-01-28,Online
SO001194,CUST047,2025-11-22,Marketplace
SO001195,CUST018,2025-05-14,Online
SO001196,CUST068,2026-02-12,Retail Store
SO001197,CUST041,2025-05-04,B2B Direct
SO001198,CUST049,2025-09-06,Retail Store
SO001199,CUST064,2026-04-03,Online
SO001200,CUST081,2025-09-10,Marketplace
SO001201,CUST014,2026-04-23,Retail Store
SO001202,CUST001,2025-04-08,B2B Direct
SO001203,CUST024,2025-11-16,Online
SO001204,CUST008,2026-03-13,Retail Store
SO001205,CUST042,2026-01-16,B2B Direct
SO001206,CUST013,2026-03-25,B2B Direct
SO001207,CUST053,2026-04-26,Retail Store
SO001208,CUST018,2026-04-27,B2B Direct
SO001209,CUST005,2025-11-17,Marketplace
SO001210,CUST089,2026-04-16,Online
SO001211,CUST078,2026-06-22,B2B Direct
SO001212,CUST037,2026-04-01,Retail Store
SO001213,CUST069,2026-01-07,Retail Store
SO001214,CUST050,2025-06-11,Online
SO001215,CUST075,2026-05-12,B2B Direct
SO001216,CUST029,2025-05-22,B2B Direct
SO001217,CUST037,2026-01-01,Online
SO001218,CUST080,2025-06-05,Online
SO001219,CUST057,2025-05-06,Online
SO001220,CUST040,2025-04-27,Marketplace
SO001221,CUST031,2025-04-04,Marketplace
SO001222,CUST059,2025-12-09,Marketplace
SO001223,CUST052,2025-09-26,Retail Store
SO001224,CUST015,2025-08-22,Marketplace
SO001225,CUST045,2025-06-19,Marketplace
SO001226,CUST024,2025-06-27,Marketplace
SO001227,CUST040,2026-04-16,B2B Direct
SO001228,CUST082,2026-05-23,Marketplace
SO001229,CUST009,2025-08-26,Online
SO001230,CUST027,2025-12-22,Marketplace
SO001231,CUST098,2025-04-16,Retail Store
SO001232,CUST095,2025-11-02,Retail Store
SO001233,CUST010,2025-09-11,Marketplace
SO001234,CUST043,2026-02-24,Online
SO001235,CUST088,2026-05-06,Online
SO001236,CUST053,2026-05-29,B2B Direct
SO001237,CUST005,2025-05-17,Online
SO001238,CUST077,2025-08-03,B2B Direct
SO001239,CUST009,2026-04-25,B2B Direct
SO001240,CUST002,2025-11-25,Online
SO001241,CUST065,2025-06-30,Online
SO001242,CUST015,2026-01-23,B2B Direct
SO001243,CUST070,2025-10-28,Retail Store
SO001244,CUST050,2025-08-20,Marketplace
SO001245,CUST003,2025-10-06,Retail Store
SO001246,CUST046,2025-07-14,Online
SO001247,CUST059,2025-12-02,Online
SO001248,CUST018,2025-06-12,B2B Direct
SO001249,CUST088,2026-03-14,Marketplace
SO001250,CUST012,2025-11-01,Online
SO001251,CUST071,2026-04-24,Marketplace
SO001252,CUST040,2026-04-29,Retail Store
SO001253,CUST071,2025-09-06,Marketplace
SO001254,CUST028,2026-02-03,Retail Store
SO001255,CUST038,2026-04-14,Online
SO001256,CUST075,2025-06-27,Online
SO001257,CUST001,2025-08-26,B2B Direct
SO001258,CUST017,2026-02-17,Retail Store
SO001259,CUST090,2025-04-05,Retail Store
SO001260,CUST037,2025-05-14,Marketplace
SO001261,CUST067,2025-12-28,B2B Direct
SO001262,CUST035,2025-09-05,B2B Direct
SO001263,CUST055,2025-08-26,B2B Direct
SO001264,CUST044,2026-05-04,Retail Store
SO001265,CUST057,2025-12-25,Online
SO001266,CUST080,2025-11-26,Online
SO001267,CUST020,2025-05-27,Marketplace
SO001268,CUST050,2025-09-16,Marketplace
SO001269,CUST053,2025-06-10,Retail Store
SO001270,CUST033,2026-02-04,Online
SO001271,CUST058,2025-12-09,B2B Direct
SO001272,CUST073,2025-10-20,Online
SO001273,CUST006,2026-05-30,Marketplace
SO001274,CUST002,2026-06-10,B2B Direct
SO001275,CUST049,2025-10-01,Marketplace
SO001276,CUST036,2025-10-16,Retail Store
SO001277,CUST026,2025-08-02,Online
SO001278,CUST007,2025-07-31,Online
SO001279,CUST099,2025-12-05,Retail Store
SO001280,CUST073,2025-12-01,B2B Direct
SO001281,CUST037,2026-04-21,Online
SO001282,CUST034,2026-02-09,Marketplace
SO001283,CUST056,2026-03-04,Online
SO001284,CUST021,2025-08-12,B2B Direct
SO001285,CUST035,2025-04-18,Marketplace
SO001286,CUST099,2025-05-31,Marketplace
SO001287,CUST078,2026-03-18,Marketplace
SO001288,CUST008,2026-05-27,B2B Direct
SO001289,CUST040,2025-07-11,Online
SO001290,CUST009,2025-06-21,Marketplace
SO001291,CUST025,2026-01-10,Retail Store
SO001292,CUST036,2026-04-11,B2B Direct
SO001293,CUST099,2025-07-24,Marketplace
SO001294,CUST017,2026-03-28,B2B Direct
SO001295,CUST042,2026-01-09,Retail Store
SO001296,CUST089,2025-04-17,Marketplace
SO001297,CUST092,2026-01-02,Online
SO001298,CUST054,2026-05-22,B2B Direct
SO001299,CUST034,2026-05-20,Marketplace
SO001300,CUST034,2025-05-05,Marketplace
SO001301,CUST044,2026-02-07,B2B Direct
SO001302,CUST078,2025-05-25,Retail Store
SO001303,CUST092,2025-07-26,B2B Direct
SO001304,CUST098,2025-09-21,Online
SO001305,CUST079,2025-06-24,Retail Store
SO001306,CUST031,2025-12-21,Online
SO001307,CUST058,2025-11-03,B2B Direct
SO001308,CUST059,2026-05-17,Marketplace
SO001309,CUST003,2026-04-07,Retail Store
SO001310,CUST002,2025-05-12,Online
SO001311,CUST040,2025-10-06,Marketplace
SO001312,CUST072,2026-03-31,Marketplace
SO001313,CUST054,2025-08-30,Marketplace
SO001314,CUST048,2026-03-11,Retail Store
SO001315,CUST100,2025-06-26,Marketplace
SO001316,CUST023,2025-07-28,B2B Direct
SO001317,CUST050,2025-07-14,Online
SO001318,CUST083,2025-11-06,Online
SO001319,CUST087,2026-04-08,Retail Store
SO001320,CUST045,2026-03-08,Online
SO001321,CUST024,2026-01-11,Marketplace
SO001322,CUST086,2026-04-28,Retail Store
SO001323,CUST039,2025-04-01,Retail Store
SO001324,CUST078,2026-05-28,Retail Store
SO001325,CUST081,2026-05-11,Retail Store
SO001326,CUST043,2026-03-02,Retail Store
SO001327,CUST042,2025-12-12,Online
SO001328,CUST078,2025-10-03,Marketplace
SO001329,CUST079,2025-12-12,Online
SO001330,CUST062,2026-01-03,Marketplace
SO001331,CUST078,2025-09-12,Retail Store
SO001332,CUST008,2025-05-09,B2B Direct
SO001333,CUST049,2026-05-28,B2B Direct
SO001334,CUST098,2026-05-02,Online
SO001335,CUST099,2026-02-05,Marketplace
SO001336,CUST081,2026-06-08,Marketplace
SO001337,CUST039,2025-09-18,B2B Direct
SO001338,CUST075,2026-06-07,B2B Direct
SO001339,CUST086,2025-07-18,Marketplace
SO001340,CUST029,2026-03-14,Online
SO001341,CUST082,2026-02-27,Marketplace
SO001342,CUST088,2026-04-12,Online
SO001343,CUST027,2026-01-24,Marketplace
SO001344,CUST030,2026-02-10,Retail Store
SO001345,CUST075,2026-01-17,Online
SO001346,CUST021,2025-06-18,Online
SO001347,CUST068,2026-02-07,Online
SO001348,CUST045,2025-05-27,B2B Direct
SO001349,CUST045,2025-05-03,B2B Direct
SO001350,CUST057,2026-03-26,Marketplace
SO001351,CUST059,2025-10-02,B2B Direct
SO001352,CUST030,2025-12-31,Marketplace
SO001353,CUST044,2025-07-13,Marketplace
SO001354,CUST035,2026-05-14,Marketplace
SO001355,CUST078,2026-02-27,Retail Store
SO001356,CUST084,2025-08-07,Marketplace
SO001357,CUST094,2026-01-14,Marketplace
SO001358,CUST089,2025-12-09,Online
SO001359,CUST021,2025-12-12,Marketplace
SO001360,CUST014,2025-07-03,B2B Direct
SO001361,CUST082,2025-06-12,Retail Store
SO001362,CUST079,2025-05-14,Online
SO001363,CUST100,2025-12-08,Marketplace
SO001364,CUST020,2025-06-19,B2B Direct
SO001365,CUST045,2026-05-17,Online
SO001366,CUST010,2026-04-14,B2B Direct
SO001367,CUST054,2025-06-19,B2B Direct
SO001368,CUST039,2026-02-02,B2B Direct
SO001369,CUST016,2025-11-12,Marketplace
SO001370,CUST064,2026-05-08,Online
SO001371,CUST099,2026-04-16,Retail Store
SO001372,CUST048,2026-01-20,B2B Direct
SO001373,CUST023,2025-07-03,Marketplace
SO001374,CUST091,2025-07-26,B2B Direct
SO001375,CUST053,2025-07-08,Marketplace
SO001376,CUST043,2025-10-08,Online
SO001377,CUST008,2025-04-17,Retail Store
SO001378,CUST013,2026-01-18,Marketplace
SO001379,CUST075,2025-08-27,Retail Store
SO001380,CUST010,2025-05-26,Marketplace
SO001381,CUST078,2026-04-15,Marketplace
SO001382,CUST056,2025-06-08,B2B Direct
SO001383,CUST006,2025-08-15,Online
SO001384,CUST027,2025-09-18,Retail Store
SO001385,CUST025,2025-12-30,Online
SO001386,CUST082,2025-10-07,Marketplace
SO001387,CUST050,2025-10-25,Retail Store
SO001388,CUST022,2025-06-27,Online
SO001389,CUST058,2025-11-01,Retail Store
SO001390,CUST005,2025-07-24,Retail Store
SO001391,CUST066,2026-03-11,Retail Store
SO001392,CUST038,2026-04-08,Online
SO001393,CUST085,2026-06-11,Retail Store
SO001394,CUST013,2025-12-04,Online
SO001395,CUST078,2026-04-14,Marketplace
SO001396,CUST039,2026-04-18,Online
SO001397,CUST086,2025-05-22,B2B Direct
SO001398,CUST008,2025-11-29,Retail Store
SO001399,CUST083,2025-12-15,Marketplace
SO001400,CUST043,2025-09-30,Marketplace
