sales_order_item_id,sales_order_id,product_id
SOI0000001,SO000001,PROD013
SOI0000002,SO000001,PROD039
SOI0000003,SO000001,PROD010
SOI0000004,SO000002,PROD048
SOI0000005,SO000002,PROD040
SOI0000006,SO000002,PROD038
SOI0000007,SO000003,PROD021
SOI0000008,SO000003,PROD043
SOI0000009,SO000003,PROD008
SOI0000010,SO000004,PROD027
SOI0000011,SO000004,PROD045
SOI0000012,SO000005,PROD034
SOI0000013,SO000005,PROD015
SOI0000014,SO000005,PROD027
SOI0000015,SO000006,PROD048
SOI0000016,SO000007,PROD008
SOI0000017,SO000007,PROD043
SOI0000018,SO000007,PROD042
SOI0000019,SO000008,PROD009
SOI0000020,SO000008,PROD006
SOI0000021,SO000008,PROD031
SOI0000022,SO000009,PROD012
SOI0000023,SO000009,PROD031
SOI0000024,SO000010,PROD041
SOI0000025,SO000010,PROD033
SOI0000026,SO000011,PROD006
SOI0000027,SO000012,PROD039
SOI0000028,SO000013,PROD039
SOI0000029,SO000013,PROD003
SOI0000030,SO000013,PROD040
SOI0000031,SO000014,PROD028
SOI0000032,SO000015,PROD046
SOI0000033,SO000015,PROD008
SOI0000034,SO000015,PROD003
SOI0000035,SO000016,PROD046
SOI0000036,SO000016,PROD004
SOI0000037,SO000017,PROD005
SOI0000038,SO000017,PROD047
SOI0000039,SO000018,PROD046
SOI0000040,SO000018,PROD037
SOI0000041,SO000018,PROD030
SOI0000042,SO000019,PROD017
SOI0000043,SO000019,PROD020
SOI0000044,SO000020,PROD047
SOI0000045,SO000020,PROD017
SOI0000046,SO000020,PROD026
SOI0000047,SO000021,PROD034
SOI0000048,SO000022,PROD005
SOI0000049,SO000022,PROD046
SOI0000050,SO000022,PROD024
SOI0000051,SO000023,PROD005
SOI0000052,SO000023,PROD041
SOI0000053,SO000024,PROD019
SOI0000054,SO000024,PROD045
SOI0000055,SO000024,PROD005
SOI0000056,SO000025,PROD005
SOI0000057,SO000026,PROD019
SOI0000058,SO000026,PROD025
SOI0000059,SO000026,PROD027
SOI0000060,SO000027,PROD033
SOI0000061,SO000027,PROD019
SOI0000062,SO000027,PROD008
SOI0000063,SO000028,PROD029
SOI0000064,SO000028,PROD007
SOI0000065,SO000029,PROD025
SOI0000066,SO000029,PROD017
SOI0000067,SO000029,PROD029
SOI0000068,SO000030,PROD006
SOI0000069,SO000030,PROD045
SOI0000070,SO000031,PROD037
SOI0000071,SO000032,PROD019
SOI0000072,SO000032,PROD026
SOI0000073,SO000033,PROD029
SOI0000074,SO000033,PROD027
SOI0000075,SO000034,PROD035
SOI0000076,SO000035,PROD012
SOI0000077,SO000035,PROD040
SOI0000078,SO000036,PROD039
SOI0000079,SO000036,PROD046
SOI0000080,SO000036,PROD014
SOI0000081,SO000037,PROD028
SOI0000082,SO000037,PROD047
SOI0000083,SO000038,PROD023
SOI0000084,SO000038,PROD032
SOI0000085,SO000039,PROD032
SOI0000086,SO000039,PROD031
SOI0000087,SO000039,PROD039
SOI0000088,SO000040,PROD018
SOI0000089,SO000041,PROD019
SOI0000090,SO000042,PROD021
SOI0000091,SO000043,PROD024
SOI0000092,SO000043,PROD002
SOI0000093,SO000044,PROD029
SOI0000094,SO000044,PROD012
SOI0000095,SO000044,PROD016
SOI0000096,SO000045,PROD005
SOI0000097,SO000045,PROD019
SOI0000098,SO000045,PROD007
SOI0000099,SO000046,PROD013
SOI0000100,SO000046,PROD046
SOI0000101,SO000047,PROD043
SOI0000102,SO000047,PROD025
SOI0000103,SO000047,PROD009
SOI0000104,SO000048,PROD047
SOI0000105,SO000049,PROD038
SOI0000106,SO000050,PROD009
SOI0000107,SO000050,PROD032
SOI0000108,SO000050,PROD006
SOI0000109,SO000051,PROD033
SOI0000110,SO000051,PROD041
SOI0000111,SO000051,PROD048
SOI0000112,SO000052,PROD008
SOI0000113,SO000052,PROD043
SOI0000114,SO000052,PROD004
SOI0000115,SO000053,PROD038
SOI0000116,SO000053,PROD044
SOI0000117,SO000054,PROD042
SOI0000118,SO000054,PROD034
SOI0000119,SO000054,PROD028
SOI0000120,SO000055,PROD016
SOI0000121,SO000056,PROD044
SOI0000122,SO000057,PROD036
SOI0000123,SO000057,PROD016
SOI0000124,SO000058,PROD019
SOI0000125,SO000058,PROD045
SOI0000126,SO000058,PROD028
SOI0000127,SO000059,PROD038
SOI0000128,SO000059,PROD031
SOI0000129,SO000059,PROD036
SOI0000130,SO000060,PROD043
SOI0000131,SO000060,PROD005
SOI0000132,SO000061,PROD011
SOI0000133,SO000062,PROD029
SOI0000134,SO000063,PROD015
SOI0000135,SO000064,PROD012
SOI0000136,SO000064,PROD007
SOI0000137,SO000064,PROD015
SOI0000138,SO000065,PROD042
SOI0000139,SO000065,PROD002
SOI0000140,SO000066,PROD002
SOI0000141,SO000066,PROD031
SOI0000142,SO000066,PROD040
SOI0000143,SO000067,PROD011
SOI0000144,SO000067,PROD026
SOI0000145,SO000068,PROD030
SOI0000146,SO000069,PROD023
SOI0000147,SO000069,PROD048
SOI0000148,SO000070,PROD017
SOI0000149,SO000071,PROD018
SOI0000150,SO000071,PROD024
SOI0000151,SO000071,PROD001
SOI0000152,SO000072,PROD036
SOI0000153,SO000072,PROD046
SOI0000154,SO000072,PROD047
SOI0000155,SO000073,PROD026
SOI0000156,SO000074,PROD032
SOI0000157,SO000075,PROD012
SOI0000158,SO000076,PROD046
SOI0000159,SO000076,PROD042
SOI0000160,SO000077,PROD015
SOI0000161,SO000077,PROD046
SOI0000162,SO000078,PROD011
SOI0000163,SO000079,PROD043
SOI0000164,SO000079,PROD041
SOI0000165,SO000080,PROD035
SOI0000166,SO000081,PROD033
SOI0000167,SO000081,PROD001
SOI0000168,SO000082,PROD012
SOI0000169,SO000082,PROD015
SOI0000170,SO000083,PROD012
SOI0000171,SO000083,PROD004
SOI0000172,SO000084,PROD037
SOI0000173,SO000084,PROD017
SOI0000174,SO000084,PROD002
SOI0000175,SO000085,PROD028
SOI0000176,SO000085,PROD047
SOI0000177,SO000086,PROD026
SOI0000178,SO000086,PROD016
SOI0000179,SO000086,PROD029
SOI0000180,SO000087,PROD022
SOI0000181,SO000088,PROD035
SOI0000182,SO000088,PROD012
SOI0000183,SO000088,PROD027
SOI0000184,SO000089,PROD009
SOI0000185,SO000090,PROD026
SOI0000186,SO000090,PROD003
SOI0000187,SO000090,PROD008
SOI0000188,SO000091,PROD036
SOI0000189,SO000092,PROD010
SOI0000190,SO000092,PROD011
SOI0000191,SO000092,PROD025
SOI0000192,SO000093,PROD047
SOI0000193,SO000094,PROD002
SOI0000194,SO000094,PROD031
SOI0000195,SO000094,PROD022
SOI0000196,SO000095,PROD041
SOI0000197,SO000095,PROD018
SOI0000198,SO000095,PROD042
SOI0000199,SO000096,PROD043
SOI0000200,SO000097,PROD030
SOI0000201,SO000097,PROD034
SOI0000202,SO000097,PROD047
SOI0000203,SO000098,PROD034
SOI0000204,SO000098,PROD044
SOI0000205,SO000099,PROD040
SOI0000206,SO000099,PROD003
SOI0000207,SO000099,PROD035
SOI0000208,SO000100,PROD033
SOI0000209,SO000100,PROD024
SOI0000210,SO000101,PROD010
SOI0000211,SO000102,PROD043
SOI0000212,SO000102,PROD005
SOI0000213,SO000102,PROD006
SOI0000214,SO000103,PROD030
SOI0000215,SO000103,PROD002
SOI0000216,SO000104,PROD043
SOI0000217,SO000105,PROD014
SOI0000218,SO000105,PROD024
SOI0000219,SO000105,PROD039
SOI0000220,SO000106,PROD010
SOI0000221,SO000107,PROD039
SOI0000222,SO000108,PROD001
SOI0000223,SO000108,PROD027
SOI0000224,SO000108,PROD003
SOI0000225,SO000109,PROD038
SOI0000226,SO000110,PROD026
SOI0000227,SO000110,PROD043
SOI0000228,SO000111,PROD019
SOI0000229,SO000111,PROD007
SOI0000230,SO000112,PROD024
SOI0000231,SO000113,PROD014
SOI0000232,SO000113,PROD004
SOI0000233,SO000113,PROD034
SOI0000234,SO000114,PROD031
SOI0000235,SO000114,PROD009
SOI0000236,SO000115,PROD002
SOI0000237,SO000116,PROD019
SOI0000238,SO000116,PROD031
SOI0000239,SO000117,PROD029
SOI0000240,SO000117,PROD037
SOI0000241,SO000118,PROD009
SOI0000242,SO000118,PROD042
SOI0000243,SO000119,PROD009
SOI0000244,SO000119,PROD028
SOI0000245,SO000119,PROD047
SOI0000246,SO000120,PROD021
SOI0000247,SO000121,PROD048
SOI0000248,SO000122,PROD012
SOI0000249,SO000123,PROD018
SOI0000250,SO000123,PROD031
SOI0000251,SO000124,PROD032
SOI0000252,SO000124,PROD028
SOI0000253,SO000124,PROD047
SOI0000254,SO000125,PROD037
SOI0000255,SO000126,PROD021
SOI0000256,SO000127,PROD029
SOI0000257,SO000127,PROD032
SOI0000258,SO000128,PROD027
SOI0000259,SO000129,PROD015
SOI0000260,SO000129,PROD038
SOI0000261,SO000129,PROD006
SOI0000262,SO000130,PROD039
SOI0000263,SO000130,PROD044
SOI0000264,SO000130,PROD020
SOI0000265,SO000131,PROD046
SOI0000266,SO000131,PROD045
SOI0000267,SO000132,PROD002
SOI0000268,SO000133,PROD027
SOI0000269,SO000133,PROD011
SOI0000270,SO000133,PROD016
SOI0000271,SO000134,PROD014
SOI0000272,SO000134,PROD026
SOI0000273,SO000134,PROD035
SOI0000274,SO000135,PROD022
SOI0000275,SO000136,PROD006
SOI0000276,SO000137,PROD024
SOI0000277,SO000138,PROD042
SOI0000278,SO000138,PROD025
SOI0000279,SO000138,PROD024
SOI0000280,SO000139,PROD001
SOI0000281,SO000139,PROD010
SOI0000282,SO000140,PROD044
SOI0000283,SO000141,PROD006
SOI0000284,SO000141,PROD025
SOI0000285,SO000141,PROD016
SOI0000286,SO000142,PROD014
SOI0000287,SO000142,PROD005
SOI0000288,SO000143,PROD015
SOI0000289,SO000143,PROD034
SOI0000290,SO000143,PROD043
SOI0000291,SO000144,PROD027
SOI0000292,SO000144,PROD021
SOI0000293,SO000144,PROD003
SOI0000294,SO000145,PROD015
SOI0000295,SO000145,PROD012
SOI0000296,SO000145,PROD001
SOI0000297,SO000146,PROD018
SOI0000298,SO000147,PROD021
SOI0000299,SO000147,PROD002
SOI0000300,SO000148,PROD033
SOI0000301,SO000148,PROD021
SOI0000302,SO000149,PROD043
SOI0000303,SO000149,PROD025
SOI0000304,SO000149,PROD022
SOI0000305,SO000150,PROD039
SOI0000306,SO000150,PROD008
SOI0000307,SO000151,PROD007
SOI0000308,SO000151,PROD047
SOI0000309,SO000152,PROD048
SOI0000310,SO000152,PROD033
SOI0000311,SO000153,PROD021
SOI0000312,SO000153,PROD004
SOI0000313,SO000153,PROD011
SOI0000314,SO000154,PROD041
SOI0000315,SO000154,PROD008
SOI0000316,SO000154,PROD012
SOI0000317,SO000155,PROD019
SOI0000318,SO000155,PROD035
SOI0000319,SO000155,PROD003
SOI0000320,SO000156,PROD030
SOI0000321,SO000156,PROD025
SOI0000322,SO000157,PROD011
SOI0000323,SO000158,PROD026
SOI0000324,SO000158,PROD021
SOI0000325,SO000158,PROD005
SOI0000326,SO000159,PROD024
SOI0000327,SO000160,PROD038
SOI0000328,SO000161,PROD002
SOI0000329,SO000161,PROD047
SOI0000330,SO000161,PROD013
SOI0000331,SO000162,PROD010
SOI0000332,SO000163,PROD046
SOI0000333,SO000163,PROD030
SOI0000334,SO000164,PROD028
SOI0000335,SO000164,PROD002
SOI0000336,SO000165,PROD028
SOI0000337,SO000165,PROD005
SOI0000338,SO000166,PROD024
SOI0000339,SO000166,PROD027
SOI0000340,SO000167,PROD028
SOI0000341,SO000168,PROD047
SOI0000342,SO000168,PROD014
SOI0000343,SO000169,PROD004
SOI0000344,SO000169,PROD015
SOI0000345,SO000170,PROD040
SOI0000346,SO000170,PROD021
SOI0000347,SO000171,PROD010
SOI0000348,SO000172,PROD025
SOI0000349,SO000172,PROD024
SOI0000350,SO000173,PROD046
SOI0000351,SO000173,PROD003
SOI0000352,SO000174,PROD026
SOI0000353,SO000174,PROD022
SOI0000354,SO000175,PROD024
SOI0000355,SO000175,PROD026
SOI0000356,SO000176,PROD026
SOI0000357,SO000176,PROD020
SOI0000358,SO000177,PROD046
SOI0000359,SO000177,PROD029
SOI0000360,SO000178,PROD020
SOI0000361,SO000178,PROD008
SOI0000362,SO000179,PROD002
SOI0000363,SO000180,PROD032
SOI0000364,SO000180,PROD014
SOI0000365,SO000180,PROD012
SOI0000366,SO000181,PROD006
SOI0000367,SO000181,PROD029
SOI0000368,SO000181,PROD020
SOI0000369,SO000182,PROD027
SOI0000370,SO000182,PROD011
SOI0000371,SO000183,PROD033
SOI0000372,SO000183,PROD029
SOI0000373,SO000184,PROD014
SOI0000374,SO000184,PROD043
SOI0000375,SO000184,PROD010
SOI0000376,SO000185,PROD007
SOI0000377,SO000185,PROD008
SOI0000378,SO000186,PROD014
SOI0000379,SO000187,PROD017
SOI0000380,SO000187,PROD009
SOI0000381,SO000187,PROD024
SOI0000382,SO000188,PROD038
SOI0000383,SO000188,PROD025
SOI0000384,SO000188,PROD044
SOI0000385,SO000189,PROD025
SOI0000386,SO000190,PROD046
SOI0000387,SO000190,PROD034
SOI0000388,SO000190,PROD001
SOI0000389,SO000191,PROD028
SOI0000390,SO000191,PROD006
SOI0000391,SO000191,PROD040
SOI0000392,SO000192,PROD034
SOI0000393,SO000192,PROD044
SOI0000394,SO000192,PROD027
SOI0000395,SO000193,PROD043
SOI0000396,SO000193,PROD037
SOI0000397,SO000194,PROD014
SOI0000398,SO000194,PROD017
SOI0000399,SO000195,PROD036
SOI0000400,SO000195,PROD004
SOI0000401,SO000195,PROD033
SOI0000402,SO000196,PROD030
SOI0000403,SO000196,PROD019
SOI0000404,SO000196,PROD048
SOI0000405,SO000197,PROD014
SOI0000406,SO000197,PROD005
SOI0000407,SO000198,PROD030
SOI0000408,SO000198,PROD027
SOI0000409,SO000198,PROD015
SOI0000410,SO000199,PROD037
SOI0000411,SO000200,PROD031
SOI0000412,SO000201,PROD044
SOI0000413,SO000202,PROD045
SOI0000414,SO000203,PROD010
SOI0000415,SO000204,PROD020
SOI0000416,SO000205,PROD011
SOI0000417,SO000206,PROD037
SOI0000418,SO000207,PROD046
SOI0000419,SO000208,PROD034
SOI0000420,SO000208,PROD047
SOI0000421,SO000208,PROD023
SOI0000422,SO000209,PROD029
SOI0000423,SO000210,PROD041
SOI0000424,SO000210,PROD043
SOI0000425,SO000210,PROD014
SOI0000426,SO000211,PROD009
SOI0000427,SO000212,PROD023
SOI0000428,SO000213,PROD028
SOI0000429,SO000213,PROD027
SOI0000430,SO000213,PROD038
SOI0000431,SO000214,PROD009
SOI0000432,SO000214,PROD037
SOI0000433,SO000214,PROD007
SOI0000434,SO000215,PROD004
SOI0000435,SO000215,PROD008
SOI0000436,SO000216,PROD026
SOI0000437,SO000216,PROD001
SOI0000438,SO000216,PROD005
SOI0000439,SO000217,PROD022
SOI0000440,SO000217,PROD012
SOI0000441,SO000218,PROD017
SOI0000442,SO000219,PROD018
SOI0000443,SO000219,PROD009
SOI0000444,SO000220,PROD002
SOI0000445,SO000221,PROD046
SOI0000446,SO000222,PROD039
SOI0000447,SO000222,PROD043
SOI0000448,SO000223,PROD002
SOI0000449,SO000224,PROD045
SOI0000450,SO000224,PROD042
SOI0000451,SO000225,PROD005
SOI0000452,SO000225,PROD027
SOI0000453,SO000226,PROD016
SOI0000454,SO000226,PROD021
SOI0000455,SO000227,PROD035
SOI0000456,SO000227,PROD048
SOI0000457,SO000227,PROD046
SOI0000458,SO000228,PROD011
SOI0000459,SO000228,PROD023
SOI0000460,SO000228,PROD043
SOI0000461,SO000229,PROD041
SOI0000462,SO000230,PROD033
SOI0000463,SO000230,PROD029
SOI0000464,SO000230,PROD020
SOI0000465,SO000231,PROD032
SOI0000466,SO000231,PROD027
SOI0000467,SO000232,PROD030
SOI0000468,SO000233,PROD011
SOI0000469,SO000233,PROD019
SOI0000470,SO000234,PROD009
SOI0000471,SO000234,PROD026
SOI0000472,SO000235,PROD030
SOI0000473,SO000235,PROD026
SOI0000474,SO000235,PROD022
SOI0000475,SO000236,PROD004
SOI0000476,SO000237,PROD018
SOI0000477,SO000237,PROD026
SOI0000478,SO000238,PROD035
SOI0000479,SO000238,PROD045
SOI0000480,SO000239,PROD005
SOI0000481,SO000239,PROD038
SOI0000482,SO000239,PROD017
SOI0000483,SO000240,PROD029
SOI0000484,SO000241,PROD009
SOI0000485,SO000241,PROD017
SOI0000486,SO000241,PROD022
SOI0000487,SO000242,PROD048
SOI0000488,SO000242,PROD010
SOI0000489,SO000243,PROD015
SOI0000490,SO000243,PROD009
SOI0000491,SO000243,PROD036
SOI0000492,SO000244,PROD035
SOI0000493,SO000244,PROD014
SOI0000494,SO000245,PROD005
SOI0000495,SO000246,PROD019
SOI0000496,SO000246,PROD028
SOI0000497,SO000247,PROD041
SOI0000498,SO000248,PROD047
SOI0000499,SO000249,PROD016
SOI0000500,SO000250,PROD001
SOI0000501,SO000251,PROD047
SOI0000502,SO000251,PROD040
SOI0000503,SO000252,PROD012
SOI0000504,SO000253,PROD037
SOI0000505,SO000253,PROD046
SOI0000506,SO000254,PROD024
SOI0000507,SO000254,PROD025
SOI0000508,SO000254,PROD008
SOI0000509,SO000255,PROD031
SOI0000510,SO000255,PROD034
SOI0000511,SO000255,PROD004
SOI0000512,SO000256,PROD032
SOI0000513,SO000256,PROD041
SOI0000514,SO000256,PROD001
SOI0000515,SO000257,PROD041
SOI0000516,SO000258,PROD037
SOI0000517,SO000258,PROD010
SOI0000518,SO000259,PROD029
SOI0000519,SO000259,PROD010
SOI0000520,SO000260,PROD001
SOI0000521,SO000260,PROD040
SOI0000522,SO000261,PROD039
SOI0000523,SO000261,PROD002
SOI0000524,SO000261,PROD020
SOI0000525,SO000262,PROD028
SOI0000526,SO000262,PROD016
SOI0000527,SO000263,PROD010
SOI0000528,SO000263,PROD008
SOI0000529,SO000263,PROD040
SOI0000530,SO000264,PROD017
SOI0000531,SO000264,PROD040
SOI0000532,SO000264,PROD045
SOI0000533,SO000265,PROD010
SOI0000534,SO000265,PROD029
SOI0000535,SO000265,PROD005
SOI0000536,SO000266,PROD004
SOI0000537,SO000266,PROD044
SOI0000538,SO000267,PROD048
SOI0000539,SO000268,PROD008
SOI0000540,SO000269,PROD026
SOI0000541,SO000270,PROD019
SOI0000542,SO000271,PROD013
SOI0000543,SO000271,PROD028
SOI0000544,SO000272,PROD043
SOI0000545,SO000273,PROD044
SOI0000546,SO000273,PROD019
SOI0000547,SO000274,PROD029
SOI0000548,SO000274,PROD007
SOI0000549,SO000275,PROD025
SOI0000550,SO000275,PROD034
SOI0000551,SO000275,PROD044
SOI0000552,SO000276,PROD032
SOI0000553,SO000276,PROD020
SOI0000554,SO000277,PROD014
SOI0000555,SO000277,PROD048
SOI0000556,SO000278,PROD046
SOI0000557,SO000278,PROD024
SOI0000558,SO000279,PROD011
SOI0000559,SO000279,PROD008
SOI0000560,SO000280,PROD040
SOI0000561,SO000280,PROD043
SOI0000562,SO000281,PROD005
SOI0000563,SO000281,PROD037
SOI0000564,SO000281,PROD029
SOI0000565,SO000282,PROD035
SOI0000566,SO000282,PROD004
SOI0000567,SO000283,PROD036
SOI0000568,SO000283,PROD031
SOI0000569,SO000283,PROD012
SOI0000570,SO000284,PROD027
SOI0000571,SO000284,PROD017
SOI0000572,SO000284,PROD003
SOI0000573,SO000285,PROD001
SOI0000574,SO000285,PROD032
SOI0000575,SO000286,PROD008
SOI0000576,SO000286,PROD036
SOI0000577,SO000287,PROD032
SOI0000578,SO000288,PROD039
SOI0000579,SO000288,PROD019
SOI0000580,SO000288,PROD028
SOI0000581,SO000289,PROD043
SOI0000582,SO000289,PROD012
SOI0000583,SO000289,PROD029
SOI0000584,SO000290,PROD018
SOI0000585,SO000291,PROD046
SOI0000586,SO000291,PROD009
SOI0000587,SO000291,PROD012
SOI0000588,SO000292,PROD040
SOI0000589,SO000292,PROD048
SOI0000590,SO000293,PROD015
SOI0000591,SO000293,PROD048
SOI0000592,SO000293,PROD037
SOI0000593,SO000294,PROD046
SOI0000594,SO000295,PROD019
SOI0000595,SO000295,PROD010
SOI0000596,SO000295,PROD046
SOI0000597,SO000296,PROD025
SOI0000598,SO000297,PROD037
SOI0000599,SO000298,PROD043
SOI0000600,SO000298,PROD005
SOI0000601,SO000298,PROD048
SOI0000602,SO000299,PROD008
SOI0000603,SO000299,PROD041
SOI0000604,SO000299,PROD006
SOI0000605,SO000300,PROD037
SOI0000606,SO000300,PROD012
SOI0000607,SO000300,PROD036
SOI0000608,SO000301,PROD004
SOI0000609,SO000301,PROD043
SOI0000610,SO000302,PROD026
SOI0000611,SO000302,PROD047
SOI0000612,SO000302,PROD022
SOI0000613,SO000303,PROD035
SOI0000614,SO000303,PROD006
SOI0000615,SO000303,PROD021
SOI0000616,SO000304,PROD015
SOI0000617,SO000305,PROD033
SOI0000618,SO000306,PROD015
SOI0000619,SO000307,PROD025
SOI0000620,SO000307,PROD046
SOI0000621,SO000307,PROD012
SOI0000622,SO000308,PROD013
SOI0000623,SO000309,PROD025
SOI0000624,SO000309,PROD024
SOI0000625,SO000309,PROD013
SOI0000626,SO000310,PROD012
SOI0000627,SO000310,PROD039
SOI0000628,SO000310,PROD023
SOI0000629,SO000311,PROD008
SOI0000630,SO000312,PROD009
SOI0000631,SO000313,PROD029
SOI0000632,SO000314,PROD018
SOI0000633,SO000314,PROD032
SOI0000634,SO000314,PROD009
SOI0000635,SO000315,PROD026
SOI0000636,SO000315,PROD009
SOI0000637,SO000316,PROD006
SOI0000638,SO000316,PROD001
SOI0000639,SO000316,PROD023
SOI0000640,SO000317,PROD010
SOI0000641,SO000318,PROD011
SOI0000642,SO000318,PROD009
SOI0000643,SO000318,PROD025
SOI0000644,SO000319,PROD015
SOI0000645,SO000319,PROD043
SOI0000646,SO000320,PROD025
SOI0000647,SO000321,PROD022
SOI0000648,SO000321,PROD045
SOI0000649,SO000321,PROD030
SOI0000650,SO000322,PROD022
SOI0000651,SO000323,PROD046
SOI0000652,SO000323,PROD016
SOI0000653,SO000323,PROD037
SOI0000654,SO000324,PROD028
SOI0000655,SO000324,PROD041
SOI0000656,SO000324,PROD006
SOI0000657,SO000325,PROD009
SOI0000658,SO000326,PROD009
SOI0000659,SO000326,PROD015
SOI0000660,SO000326,PROD012
SOI0000661,SO000327,PROD040
SOI0000662,SO000327,PROD039
SOI0000663,SO000328,PROD024
SOI0000664,SO000328,PROD034
SOI0000665,SO000328,PROD038
SOI0000666,SO000329,PROD005
SOI0000667,SO000329,PROD022
SOI0000668,SO000329,PROD013
SOI0000669,SO000330,PROD035
SOI0000670,SO000331,PROD009
SOI0000671,SO000332,PROD013
SOI0000672,SO000333,PROD031
SOI0000673,SO000333,PROD011
SOI0000674,SO000333,PROD047
SOI0000675,SO000334,PROD032
SOI0000676,SO000334,PROD016
SOI0000677,SO000334,PROD048
SOI0000678,SO000335,PROD006
SOI0000679,SO000335,PROD037
SOI0000680,SO000335,PROD029
SOI0000681,SO000336,PROD037
SOI0000682,SO000336,PROD035
SOI0000683,SO000337,PROD011
SOI0000684,SO000337,PROD010
SOI0000685,SO000338,PROD027
SOI0000686,SO000338,PROD013
SOI0000687,SO000339,PROD013
SOI0000688,SO000339,PROD005
SOI0000689,SO000340,PROD047
SOI0000690,SO000340,PROD016
SOI0000691,SO000340,PROD003
SOI0000692,SO000341,PROD003
SOI0000693,SO000342,PROD037
SOI0000694,SO000343,PROD023
SOI0000695,SO000343,PROD016
SOI0000696,SO000344,PROD028
SOI0000697,SO000344,PROD005
SOI0000698,SO000344,PROD008
SOI0000699,SO000345,PROD042
SOI0000700,SO000345,PROD014
SOI0000701,SO000346,PROD030
SOI0000702,SO000347,PROD032
SOI0000703,SO000347,PROD020
SOI0000704,SO000347,PROD015
SOI0000705,SO000348,PROD025
SOI0000706,SO000349,PROD018
SOI0000707,SO000349,PROD025
SOI0000708,SO000350,PROD036
SOI0000709,SO000350,PROD023
SOI0000710,SO000351,PROD013
SOI0000711,SO000351,PROD001
SOI0000712,SO000352,PROD013
SOI0000713,SO000352,PROD032
SOI0000714,SO000352,PROD041
SOI0000715,SO000353,PROD037
SOI0000716,SO000353,PROD042
SOI0000717,SO000354,PROD048
SOI0000718,SO000354,PROD031
SOI0000719,SO000355,PROD007
SOI0000720,SO000355,PROD025
SOI0000721,SO000355,PROD021
SOI0000722,SO000356,PROD048
SOI0000723,SO000356,PROD006
SOI0000724,SO000356,PROD011
SOI0000725,SO000357,PROD033
SOI0000726,SO000357,PROD008
SOI0000727,SO000358,PROD009
SOI0000728,SO000358,PROD003
SOI0000729,SO000359,PROD042
SOI0000730,SO000359,PROD002
SOI0000731,SO000359,PROD016
SOI0000732,SO000360,PROD017
SOI0000733,SO000360,PROD048
SOI0000734,SO000361,PROD029
SOI0000735,SO000361,PROD021
SOI0000736,SO000361,PROD009
SOI0000737,SO000362,PROD001
SOI0000738,SO000362,PROD037
SOI0000739,SO000363,PROD045
SOI0000740,SO000363,PROD041
SOI0000741,SO000364,PROD004
SOI0000742,SO000364,PROD015
SOI0000743,SO000365,PROD013
SOI0000744,SO000366,PROD011
SOI0000745,SO000366,PROD017
SOI0000746,SO000367,PROD008
SOI0000747,SO000367,PROD014
SOI0000748,SO000367,PROD010
SOI0000749,SO000368,PROD039
SOI0000750,SO000369,PROD034
SOI0000751,SO000369,PROD040
SOI0000752,SO000369,PROD020
SOI0000753,SO000370,PROD036
SOI0000754,SO000370,PROD034
SOI0000755,SO000371,PROD042
SOI0000756,SO000371,PROD031
SOI0000757,SO000372,PROD017
SOI0000758,SO000372,PROD018
SOI0000759,SO000372,PROD045
SOI0000760,SO000373,PROD025
SOI0000761,SO000373,PROD047
SOI0000762,SO000373,PROD034
SOI0000763,SO000374,PROD048
SOI0000764,SO000374,PROD034
SOI0000765,SO000374,PROD022
SOI0000766,SO000375,PROD034
SOI0000767,SO000375,PROD016
SOI0000768,SO000375,PROD039
SOI0000769,SO000376,PROD034
SOI0000770,SO000376,PROD040
SOI0000771,SO000377,PROD002
SOI0000772,SO000377,PROD018
SOI0000773,SO000378,PROD034
SOI0000774,SO000378,PROD048
SOI0000775,SO000379,PROD011
SOI0000776,SO000380,PROD009
SOI0000777,SO000381,PROD039
SOI0000778,SO000381,PROD024
SOI0000779,SO000382,PROD034
SOI0000780,SO000383,PROD047
SOI0000781,SO000384,PROD009
SOI0000782,SO000384,PROD012
SOI0000783,SO000384,PROD008
SOI0000784,SO000385,PROD012
SOI0000785,SO000385,PROD040
SOI0000786,SO000385,PROD003
SOI0000787,SO000386,PROD048
SOI0000788,SO000386,PROD023
SOI0000789,SO000386,PROD003
SOI0000790,SO000387,PROD029
SOI0000791,SO000388,PROD025
SOI0000792,SO000388,PROD019
SOI0000793,SO000389,PROD039
SOI0000794,SO000390,PROD047
SOI0000795,SO000390,PROD044
SOI0000796,SO000391,PROD002
SOI0000797,SO000392,PROD015
SOI0000798,SO000393,PROD004
SOI0000799,SO000393,PROD015
SOI0000800,SO000394,PROD036
SOI0000801,SO000394,PROD019
SOI0000802,SO000394,PROD030
SOI0000803,SO000395,PROD040
SOI0000804,SO000396,PROD010
SOI0000805,SO000397,PROD006
SOI0000806,SO000398,PROD006
SOI0000807,SO000398,PROD029
SOI0000808,SO000399,PROD037
SOI0000809,SO000400,PROD017
SOI0000810,SO000400,PROD002
SOI0000811,SO000401,PROD007
SOI0000812,SO000402,PROD037
SOI0000813,SO000403,PROD044
SOI0000814,SO000403,PROD006
SOI0000815,SO000403,PROD001
SOI0000816,SO000404,PROD004
SOI0000817,SO000405,PROD029
SOI0000818,SO000406,PROD022
SOI0000819,SO000407,PROD012
SOI0000820,SO000408,PROD046
SOI0000821,SO000409,PROD034
SOI0000822,SO000410,PROD024
SOI0000823,SO000410,PROD013
SOI0000824,SO000410,PROD012
SOI0000825,SO000411,PROD023
SOI0000826,SO000411,PROD022
SOI0000827,SO000411,PROD047
SOI0000828,SO000412,PROD047
SOI0000829,SO000412,PROD003
SOI0000830,SO000413,PROD048
SOI0000831,SO000413,PROD039
SOI0000832,SO000413,PROD022
SOI0000833,SO000414,PROD043
SOI0000834,SO000414,PROD047
SOI0000835,SO000414,PROD008
SOI0000836,SO000415,PROD045
SOI0000837,SO000415,PROD042
SOI0000838,SO000416,PROD021
SOI0000839,SO000416,PROD002
SOI0000840,SO000416,PROD043
SOI0000841,SO000417,PROD028
SOI0000842,SO000417,PROD030
SOI0000843,SO000418,PROD012
SOI0000844,SO000418,PROD016
SOI0000845,SO000419,PROD010
SOI0000846,SO000419,PROD008
SOI0000847,SO000420,PROD043
SOI0000848,SO000421,PROD026
SOI0000849,SO000421,PROD002
SOI0000850,SO000421,PROD046
SOI0000851,SO000422,PROD011
SOI0000852,SO000422,PROD020
SOI0000853,SO000423,PROD007
SOI0000854,SO000424,PROD045
SOI0000855,SO000424,PROD006
SOI0000856,SO000424,PROD020
SOI0000857,SO000425,PROD016
SOI0000858,SO000425,PROD004
SOI0000859,SO000426,PROD027
SOI0000860,SO000426,PROD032
SOI0000861,SO000427,PROD015
SOI0000862,SO000427,PROD024
SOI0000863,SO000427,PROD031
SOI0000864,SO000428,PROD025
SOI0000865,SO000429,PROD048
SOI0000866,SO000430,PROD045
SOI0000867,SO000431,PROD015
SOI0000868,SO000431,PROD043
SOI0000869,SO000431,PROD048
SOI0000870,SO000432,PROD041
SOI0000871,SO000432,PROD026
SOI0000872,SO000433,PROD029
SOI0000873,SO000434,PROD014
SOI0000874,SO000434,PROD027
SOI0000875,SO000434,PROD041
SOI0000876,SO000435,PROD004
SOI0000877,SO000435,PROD010
SOI0000878,SO000436,PROD042
SOI0000879,SO000436,PROD003
SOI0000880,SO000437,PROD002
SOI0000881,SO000438,PROD003
SOI0000882,SO000439,PROD025
SOI0000883,SO000440,PROD020
SOI0000884,SO000440,PROD022
SOI0000885,SO000441,PROD037
SOI0000886,SO000441,PROD001
SOI0000887,SO000442,PROD041
SOI0000888,SO000442,PROD043
SOI0000889,SO000442,PROD010
SOI0000890,SO000443,PROD014
SOI0000891,SO000443,PROD008
SOI0000892,SO000443,PROD020
SOI0000893,SO000444,PROD019
SOI0000894,SO000445,PROD039
SOI0000895,SO000445,PROD028
SOI0000896,SO000446,PROD020
SOI0000897,SO000446,PROD048
SOI0000898,SO000446,PROD018
SOI0000899,SO000447,PROD030
SOI0000900,SO000447,PROD029
SOI0000901,SO000447,PROD022
SOI0000902,SO000448,PROD039
SOI0000903,SO000448,PROD016
SOI0000904,SO000449,PROD024
SOI0000905,SO000449,PROD028
SOI0000906,SO000449,PROD006
SOI0000907,SO000450,PROD006
SOI0000908,SO000451,PROD028
SOI0000909,SO000451,PROD018
SOI0000910,SO000451,PROD038
SOI0000911,SO000452,PROD018
SOI0000912,SO000453,PROD001
SOI0000913,SO000453,PROD045
SOI0000914,SO000454,PROD005
SOI0000915,SO000454,PROD021
SOI0000916,SO000454,PROD048
SOI0000917,SO000455,PROD040
SOI0000918,SO000455,PROD009
SOI0000919,SO000456,PROD047
SOI0000920,SO000456,PROD018
SOI0000921,SO000456,PROD039
SOI0000922,SO000457,PROD011
SOI0000923,SO000458,PROD046
SOI0000924,SO000458,PROD026
SOI0000925,SO000458,PROD036
SOI0000926,SO000459,PROD036
SOI0000927,SO000459,PROD040
SOI0000928,SO000460,PROD027
SOI0000929,SO000461,PROD038
SOI0000930,SO000462,PROD010
SOI0000931,SO000463,PROD018
SOI0000932,SO000463,PROD028
SOI0000933,SO000464,PROD026
SOI0000934,SO000464,PROD041
SOI0000935,SO000465,PROD001
SOI0000936,SO000465,PROD013
SOI0000937,SO000465,PROD009
SOI0000938,SO000466,PROD001
SOI0000939,SO000467,PROD041
SOI0000940,SO000467,PROD018
SOI0000941,SO000468,PROD020
SOI0000942,SO000468,PROD021
SOI0000943,SO000468,PROD028
SOI0000944,SO000469,PROD042
SOI0000945,SO000469,PROD046
SOI0000946,SO000470,PROD008
SOI0000947,SO000470,PROD013
SOI0000948,SO000470,PROD012
SOI0000949,SO000471,PROD006
SOI0000950,SO000471,PROD034
SOI0000951,SO000472,PROD030
SOI0000952,SO000472,PROD040
SOI0000953,SO000472,PROD048
SOI0000954,SO000473,PROD022
SOI0000955,SO000474,PROD022
SOI0000956,SO000474,PROD011
SOI0000957,SO000474,PROD044
SOI0000958,SO000475,PROD022
SOI0000959,SO000476,PROD011
SOI0000960,SO000477,PROD031
SOI0000961,SO000477,PROD006
SOI0000962,SO000477,PROD001
SOI0000963,SO000478,PROD004
SOI0000964,SO000478,PROD023
SOI0000965,SO000479,PROD034
SOI0000966,SO000479,PROD041
SOI0000967,SO000480,PROD009
SOI0000968,SO000480,PROD028
SOI0000969,SO000481,PROD006
SOI0000970,SO000481,PROD041
SOI0000971,SO000482,PROD032
SOI0000972,SO000482,PROD006
SOI0000973,SO000483,PROD027
SOI0000974,SO000484,PROD030
SOI0000975,SO000484,PROD022
SOI0000976,SO000485,PROD007
SOI0000977,SO000485,PROD004
SOI0000978,SO000486,PROD017
SOI0000979,SO000486,PROD045
SOI0000980,SO000487,PROD020
SOI0000981,SO000487,PROD001
SOI0000982,SO000487,PROD042
SOI0000983,SO000488,PROD009
SOI0000984,SO000488,PROD035
SOI0000985,SO000488,PROD033
SOI0000986,SO000489,PROD033
SOI0000987,SO000489,PROD032
SOI0000988,SO000489,PROD035
SOI0000989,SO000490,PROD023
SOI0000990,SO000490,PROD020
SOI0000991,SO000490,PROD006
SOI0000992,SO000491,PROD043
SOI0000993,SO000491,PROD039
SOI0000994,SO000492,PROD029
SOI0000995,SO000493,PROD028
SOI0000996,SO000493,PROD033
SOI0000997,SO000493,PROD024
SOI0000998,SO000494,PROD022
SOI0000999,SO000494,PROD039
SOI0001000,SO000494,PROD007
SOI0001001,SO000495,PROD002
SOI0001002,SO000496,PROD042
SOI0001003,SO000496,PROD029
SOI0001004,SO000497,PROD017
SOI0001005,SO000498,PROD001
SOI0001006,SO000498,PROD011
SOI0001007,SO000498,PROD042
SOI0001008,SO000499,PROD023
SOI0001009,SO000499,PROD008
SOI0001010,SO000499,PROD013
SOI0001011,SO000500,PROD004
SOI0001012,SO000500,PROD024
SOI0001013,SO000500,PROD026
SOI0001014,SO000501,PROD011
SOI0001015,SO000501,PROD025
SOI0001016,SO000502,PROD042
SOI0001017,SO000502,PROD001
SOI0001018,SO000502,PROD004
SOI0001019,SO000503,PROD040
SOI0001020,SO000503,PROD034
SOI0001021,SO000504,PROD002
SOI0001022,SO000505,PROD023
SOI0001023,SO000506,PROD020
SOI0001024,SO000506,PROD039
SOI0001025,SO000506,PROD038
SOI0001026,SO000507,PROD040
SOI0001027,SO000507,PROD021
SOI0001028,SO000507,PROD041
SOI0001029,SO000508,PROD009
SOI0001030,SO000508,PROD030
SOI0001031,SO000509,PROD024
SOI0001032,SO000509,PROD005
SOI0001033,SO000510,PROD021
SOI0001034,SO000511,PROD031
SOI0001035,SO000511,PROD021
SOI0001036,SO000511,PROD023
SOI0001037,SO000512,PROD031
SOI0001038,SO000512,PROD043
SOI0001039,SO000513,PROD011
SOI0001040,SO000513,PROD039
SOI0001041,SO000514,PROD028
SOI0001042,SO000514,PROD014
SOI0001043,SO000514,PROD048
SOI0001044,SO000515,PROD008
SOI0001045,SO000515,PROD010
SOI0001046,SO000515,PROD039
SOI0001047,SO000516,PROD020
SOI0001048,SO000516,PROD019
SOI0001049,SO000517,PROD014
SOI0001050,SO000517,PROD003
SOI0001051,SO000517,PROD007
SOI0001052,SO000518,PROD008
SOI0001053,SO000519,PROD048
SOI0001054,SO000519,PROD026
SOI0001055,SO000519,PROD029
SOI0001056,SO000520,PROD034
SOI0001057,SO000520,PROD016
SOI0001058,SO000521,PROD040
SOI0001059,SO000521,PROD021
SOI0001060,SO000522,PROD018
SOI0001061,SO000522,PROD009
SOI0001062,SO000523,PROD016
SOI0001063,SO000523,PROD036
SOI0001064,SO000523,PROD022
SOI0001065,SO000524,PROD007
SOI0001066,SO000524,PROD017
SOI0001067,SO000525,PROD026
SOI0001068,SO000526,PROD044
SOI0001069,SO000527,PROD037
SOI0001070,SO000527,PROD031
SOI0001071,SO000527,PROD040
SOI0001072,SO000528,PROD013
SOI0001073,SO000528,PROD020
SOI0001074,SO000528,PROD032
SOI0001075,SO000529,PROD016
SOI0001076,SO000530,PROD032
SOI0001077,SO000530,PROD045
SOI0001078,SO000530,PROD004
SOI0001079,SO000531,PROD011
SOI0001080,SO000531,PROD004
SOI0001081,SO000531,PROD017
SOI0001082,SO000532,PROD038
SOI0001083,SO000533,PROD036
SOI0001084,SO000533,PROD042
SOI0001085,SO000534,PROD008
SOI0001086,SO000534,PROD027
SOI0001087,SO000535,PROD021
SOI0001088,SO000535,PROD027
SOI0001089,SO000535,PROD016
SOI0001090,SO000536,PROD046
SOI0001091,SO000537,PROD036
SOI0001092,SO000537,PROD021
SOI0001093,SO000537,PROD010
SOI0001094,SO000538,PROD035
SOI0001095,SO000538,PROD012
SOI0001096,SO000539,PROD011
SOI0001097,SO000540,PROD036
SOI0001098,SO000541,PROD003
SOI0001099,SO000542,PROD035
SOI0001100,SO000542,PROD042
SOI0001101,SO000543,PROD038
SOI0001102,SO000543,PROD036
SOI0001103,SO000544,PROD020
SOI0001104,SO000544,PROD021
SOI0001105,SO000545,PROD009
SOI0001106,SO000546,PROD043
SOI0001107,SO000546,PROD039
SOI0001108,SO000546,PROD011
SOI0001109,SO000547,PROD018
SOI0001110,SO000547,PROD002
SOI0001111,SO000548,PROD004
SOI0001112,SO000548,PROD029
SOI0001113,SO000548,PROD044
SOI0001114,SO000549,PROD046
SOI0001115,SO000549,PROD034
SOI0001116,SO000550,PROD031
SOI0001117,SO000550,PROD036
SOI0001118,SO000551,PROD035
SOI0001119,SO000551,PROD023
SOI0001120,SO000551,PROD010
SOI0001121,SO000552,PROD044
SOI0001122,SO000553,PROD038
SOI0001123,SO000553,PROD029
SOI0001124,SO000554,PROD020
SOI0001125,SO000554,PROD033
SOI0001126,SO000555,PROD028
SOI0001127,SO000556,PROD029
SOI0001128,SO000557,PROD043
SOI0001129,SO000558,PROD014
SOI0001130,SO000558,PROD035
SOI0001131,SO000559,PROD013
SOI0001132,SO000560,PROD036
SOI0001133,SO000560,PROD020
SOI0001134,SO000561,PROD029
SOI0001135,SO000561,PROD030
SOI0001136,SO000562,PROD038
SOI0001137,SO000562,PROD020
SOI0001138,SO000563,PROD003
SOI0001139,SO000563,PROD012
SOI0001140,SO000564,PROD009
SOI0001141,SO000564,PROD006
SOI0001142,SO000565,PROD006
SOI0001143,SO000566,PROD027
SOI0001144,SO000567,PROD010
SOI0001145,SO000567,PROD008
SOI0001146,SO000567,PROD039
SOI0001147,SO000568,PROD034
SOI0001148,SO000568,PROD031
SOI0001149,SO000569,PROD031
SOI0001150,SO000569,PROD046
SOI0001151,SO000569,PROD040
SOI0001152,SO000570,PROD004
SOI0001153,SO000570,PROD024
SOI0001154,SO000571,PROD010
SOI0001155,SO000571,PROD020
SOI0001156,SO000572,PROD019
SOI0001157,SO000572,PROD048
SOI0001158,SO000573,PROD044
SOI0001159,SO000573,PROD041
SOI0001160,SO000573,PROD005
SOI0001161,SO000574,PROD039
SOI0001162,SO000575,PROD008
SOI0001163,SO000575,PROD022
SOI0001164,SO000575,PROD045
SOI0001165,SO000576,PROD019
SOI0001166,SO000577,PROD026
SOI0001167,SO000577,PROD023
SOI0001168,SO000578,PROD046
SOI0001169,SO000579,PROD015
SOI0001170,SO000579,PROD018
SOI0001171,SO000580,PROD006
SOI0001172,SO000580,PROD032
SOI0001173,SO000580,PROD015
SOI0001174,SO000581,PROD030
SOI0001175,SO000582,PROD015
SOI0001176,SO000583,PROD042
SOI0001177,SO000583,PROD011
SOI0001178,SO000584,PROD020
SOI0001179,SO000584,PROD004
SOI0001180,SO000585,PROD028
SOI0001181,SO000585,PROD042
SOI0001182,SO000586,PROD016
SOI0001183,SO000587,PROD039
SOI0001184,SO000588,PROD042
SOI0001185,SO000588,PROD012
SOI0001186,SO000589,PROD018
SOI0001187,SO000589,PROD033
SOI0001188,SO000589,PROD031
SOI0001189,SO000590,PROD040
SOI0001190,SO000591,PROD022
SOI0001191,SO000591,PROD004
SOI0001192,SO000592,PROD031
SOI0001193,SO000592,PROD012
SOI0001194,SO000592,PROD023
SOI0001195,SO000593,PROD021
SOI0001196,SO000593,PROD001
SOI0001197,SO000593,PROD029
SOI0001198,SO000594,PROD041
SOI0001199,SO000595,PROD002
SOI0001200,SO000596,PROD021
SOI0001201,SO000597,PROD030
SOI0001202,SO000597,PROD041
SOI0001203,SO000598,PROD012
SOI0001204,SO000598,PROD018
SOI0001205,SO000599,PROD037
SOI0001206,SO000600,PROD026
SOI0001207,SO000600,PROD019
SOI0001208,SO000600,PROD038
SOI0001209,SO000601,PROD021
SOI0001210,SO000601,PROD016
SOI0001211,SO000602,PROD040
SOI0001212,SO000602,PROD025
SOI0001213,SO000602,PROD044
SOI0001214,SO000603,PROD033
SOI0001215,SO000603,PROD024
SOI0001216,SO000603,PROD001
SOI0001217,SO000604,PROD024
SOI0001218,SO000604,PROD020
SOI0001219,SO000605,PROD012
SOI0001220,SO000605,PROD042
SOI0001221,SO000606,PROD042
SOI0001222,SO000606,PROD003
SOI0001223,SO000607,PROD018
SOI0001224,SO000608,PROD014
SOI0001225,SO000608,PROD044
SOI0001226,SO000608,PROD047
SOI0001227,SO000609,PROD041
SOI0001228,SO000609,PROD007
SOI0001229,SO000609,PROD013
SOI0001230,SO000610,PROD022
SOI0001231,SO000610,PROD025
SOI0001232,SO000611,PROD042
SOI0001233,SO000611,PROD011
SOI0001234,SO000611,PROD038
SOI0001235,SO000612,PROD037
SOI0001236,SO000613,PROD042
SOI0001237,SO000613,PROD038
SOI0001238,SO000613,PROD016
SOI0001239,SO000614,PROD026
SOI0001240,SO000615,PROD006
SOI0001241,SO000616,PROD029
SOI0001242,SO000616,PROD004
SOI0001243,SO000617,PROD007
SOI0001244,SO000618,PROD010
SOI0001245,SO000618,PROD030
SOI0001246,SO000618,PROD014
SOI0001247,SO000619,PROD005
SOI0001248,SO000619,PROD035
SOI0001249,SO000619,PROD021
SOI0001250,SO000620,PROD032
SOI0001251,SO000620,PROD024
SOI0001252,SO000620,PROD038
SOI0001253,SO000621,PROD032
SOI0001254,SO000622,PROD020
SOI0001255,SO000622,PROD019
SOI0001256,SO000623,PROD039
SOI0001257,SO000624,PROD047
SOI0001258,SO000625,PROD006
SOI0001259,SO000625,PROD007
SOI0001260,SO000626,PROD031
SOI0001261,SO000627,PROD048
SOI0001262,SO000627,PROD019
SOI0001263,SO000628,PROD045
SOI0001264,SO000628,PROD043
SOI0001265,SO000629,PROD017
SOI0001266,SO000630,PROD048
SOI0001267,SO000630,PROD014
SOI0001268,SO000630,PROD034
SOI0001269,SO000631,PROD022
SOI0001270,SO000632,PROD040
SOI0001271,SO000633,PROD040
SOI0001272,SO000634,PROD012
SOI0001273,SO000635,PROD022
SOI0001274,SO000636,PROD017
SOI0001275,SO000636,PROD008
SOI0001276,SO000637,PROD028
SOI0001277,SO000638,PROD007
SOI0001278,SO000638,PROD038
SOI0001279,SO000639,PROD015
SOI0001280,SO000639,PROD020
SOI0001281,SO000639,PROD031
SOI0001282,SO000640,PROD033
SOI0001283,SO000640,PROD047
SOI0001284,SO000641,PROD024
SOI0001285,SO000641,PROD017
SOI0001286,SO000641,PROD045
SOI0001287,SO000642,PROD045
SOI0001288,SO000643,PROD028
SOI0001289,SO000644,PROD043
SOI0001290,SO000644,PROD020
SOI0001291,SO000644,PROD031
SOI0001292,SO000645,PROD008
SOI0001293,SO000645,PROD029
SOI0001294,SO000645,PROD040
SOI0001295,SO000646,PROD044
SOI0001296,SO000646,PROD027
SOI0001297,SO000647,PROD036
SOI0001298,SO000648,PROD017
SOI0001299,SO000648,PROD020
SOI0001300,SO000648,PROD024
SOI0001301,SO000649,PROD010
SOI0001302,SO000649,PROD025
SOI0001303,SO000649,PROD002
SOI0001304,SO000650,PROD045
SOI0001305,SO000650,PROD025
SOI0001306,SO000650,PROD039
SOI0001307,SO000651,PROD045
SOI0001308,SO000651,PROD003
SOI0001309,SO000651,PROD015
SOI0001310,SO000652,PROD021
SOI0001311,SO000653,PROD001
SOI0001312,SO000653,PROD019
SOI0001313,SO000654,PROD028
SOI0001314,SO000654,PROD016
SOI0001315,SO000655,PROD029
SOI0001316,SO000655,PROD043
SOI0001317,SO000656,PROD030
SOI0001318,SO000656,PROD009
SOI0001319,SO000656,PROD019
SOI0001320,SO000657,PROD007
SOI0001321,SO000657,PROD017
SOI0001322,SO000657,PROD047
SOI0001323,SO000658,PROD019
SOI0001324,SO000658,PROD032
SOI0001325,SO000659,PROD011
SOI0001326,SO000660,PROD014
SOI0001327,SO000660,PROD048
SOI0001328,SO000660,PROD020
SOI0001329,SO000661,PROD037
SOI0001330,SO000661,PROD033
SOI0001331,SO000661,PROD040
SOI0001332,SO000662,PROD017
SOI0001333,SO000662,PROD019
SOI0001334,SO000662,PROD038
SOI0001335,SO000663,PROD021
SOI0001336,SO000663,PROD003
SOI0001337,SO000664,PROD043
SOI0001338,SO000665,PROD009
SOI0001339,SO000665,PROD020
SOI0001340,SO000665,PROD038
SOI0001341,SO000666,PROD040
SOI0001342,SO000666,PROD038
SOI0001343,SO000666,PROD021
SOI0001344,SO000667,PROD013
SOI0001345,SO000667,PROD025
SOI0001346,SO000667,PROD012
SOI0001347,SO000668,PROD010
SOI0001348,SO000668,PROD016
SOI0001349,SO000669,PROD042
SOI0001350,SO000669,PROD038
SOI0001351,SO000669,PROD006
SOI0001352,SO000670,PROD019
SOI0001353,SO000671,PROD012
SOI0001354,SO000672,PROD045
SOI0001355,SO000672,PROD007
SOI0001356,SO000672,PROD004
SOI0001357,SO000673,PROD039
SOI0001358,SO000674,PROD023
SOI0001359,SO000675,PROD003
SOI0001360,SO000675,PROD046
SOI0001361,SO000676,PROD036
SOI0001362,SO000676,PROD025
SOI0001363,SO000677,PROD041
SOI0001364,SO000678,PROD031
SOI0001365,SO000678,PROD043
SOI0001366,SO000679,PROD038
SOI0001367,SO000679,PROD026
SOI0001368,SO000679,PROD039
SOI0001369,SO000680,PROD005
SOI0001370,SO000680,PROD016
SOI0001371,SO000681,PROD013
SOI0001372,SO000681,PROD031
SOI0001373,SO000681,PROD014
SOI0001374,SO000682,PROD010
SOI0001375,SO000682,PROD006
SOI0001376,SO000682,PROD046
SOI0001377,SO000683,PROD039
SOI0001378,SO000683,PROD005
SOI0001379,SO000684,PROD017
SOI0001380,SO000684,PROD040
SOI0001381,SO000685,PROD012
SOI0001382,SO000685,PROD003
SOI0001383,SO000686,PROD016
SOI0001384,SO000687,PROD047
SOI0001385,SO000687,PROD017
SOI0001386,SO000687,PROD032
SOI0001387,SO000688,PROD013
SOI0001388,SO000688,PROD038
SOI0001389,SO000688,PROD016
SOI0001390,SO000689,PROD002
SOI0001391,SO000689,PROD034
SOI0001392,SO000689,PROD033
SOI0001393,SO000690,PROD009
SOI0001394,SO000690,PROD013
SOI0001395,SO000691,PROD012
SOI0001396,SO000691,PROD039
SOI0001397,SO000692,PROD014
SOI0001398,SO000692,PROD047
SOI0001399,SO000693,PROD032
SOI0001400,SO000694,PROD001
SOI0001401,SO000694,PROD045
SOI0001402,SO000695,PROD013
SOI0001403,SO000696,PROD037
SOI0001404,SO000697,PROD017
SOI0001405,SO000698,PROD027
SOI0001406,SO000698,PROD013
SOI0001407,SO000699,PROD027
SOI0001408,SO000699,PROD034
SOI0001409,SO000699,PROD001
SOI0001410,SO000700,PROD009
SOI0001411,SO000700,PROD042
SOI0001412,SO000700,PROD030
SOI0001413,SO000701,PROD001
SOI0001414,SO000701,PROD004
SOI0001415,SO000702,PROD013
SOI0001416,SO000702,PROD019
SOI0001417,SO000702,PROD040
SOI0001418,SO000703,PROD030
SOI0001419,SO000703,PROD001
SOI0001420,SO000704,PROD007
SOI0001421,SO000704,PROD037
SOI0001422,SO000705,PROD035
SOI0001423,SO000705,PROD026
SOI0001424,SO000706,PROD045
SOI0001425,SO000706,PROD002
SOI0001426,SO000707,PROD015
SOI0001427,SO000707,PROD042
SOI0001428,SO000707,PROD031
SOI0001429,SO000708,PROD018
SOI0001430,SO000708,PROD014
SOI0001431,SO000708,PROD042
SOI0001432,SO000709,PROD012
SOI0001433,SO000709,PROD016
SOI0001434,SO000710,PROD002
SOI0001435,SO000711,PROD036
SOI0001436,SO000712,PROD017
SOI0001437,SO000712,PROD004
SOI0001438,SO000712,PROD018
SOI0001439,SO000713,PROD021
SOI0001440,SO000713,PROD045
SOI0001441,SO000713,PROD019
SOI0001442,SO000714,PROD031
SOI0001443,SO000715,PROD033
SOI0001444,SO000715,PROD044
SOI0001445,SO000716,PROD046
SOI0001446,SO000716,PROD017
SOI0001447,SO000717,PROD010
SOI0001448,SO000718,PROD032
SOI0001449,SO000719,PROD048
SOI0001450,SO000719,PROD037
SOI0001451,SO000720,PROD028
SOI0001452,SO000721,PROD038
SOI0001453,SO000721,PROD021
SOI0001454,SO000722,PROD011
SOI0001455,SO000722,PROD006
SOI0001456,SO000722,PROD025
SOI0001457,SO000723,PROD038
SOI0001458,SO000723,PROD025
SOI0001459,SO000723,PROD024
SOI0001460,SO000724,PROD005
SOI0001461,SO000724,PROD002
SOI0001462,SO000725,PROD025
SOI0001463,SO000726,PROD001
SOI0001464,SO000726,PROD011
SOI0001465,SO000727,PROD028
SOI0001466,SO000727,PROD046
SOI0001467,SO000727,PROD045
SOI0001468,SO000728,PROD032
SOI0001469,SO000729,PROD031
SOI0001470,SO000729,PROD012
SOI0001471,SO000729,PROD010
SOI0001472,SO000730,PROD035
SOI0001473,SO000731,PROD025
SOI0001474,SO000731,PROD020
SOI0001475,SO000731,PROD012
SOI0001476,SO000732,PROD041
SOI0001477,SO000732,PROD044
SOI0001478,SO000732,PROD030
SOI0001479,SO000733,PROD016
SOI0001480,SO000734,PROD009
SOI0001481,SO000734,PROD035
SOI0001482,SO000734,PROD005
SOI0001483,SO000735,PROD037
SOI0001484,SO000735,PROD046
SOI0001485,SO000736,PROD023
SOI0001486,SO000737,PROD034
SOI0001487,SO000738,PROD028
SOI0001488,SO000739,PROD043
SOI0001489,SO000739,PROD030
SOI0001490,SO000739,PROD035
SOI0001491,SO000740,PROD030
SOI0001492,SO000741,PROD031
SOI0001493,SO000741,PROD048
SOI0001494,SO000742,PROD023
SOI0001495,SO000743,PROD028
SOI0001496,SO000744,PROD026
SOI0001497,SO000744,PROD044
SOI0001498,SO000745,PROD039
SOI0001499,SO000745,PROD021
SOI0001500,SO000746,PROD002
SOI0001501,SO000747,PROD017
SOI0001502,SO000747,PROD021
SOI0001503,SO000747,PROD013
SOI0001504,SO000748,PROD010
SOI0001505,SO000748,PROD023
SOI0001506,SO000749,PROD029
SOI0001507,SO000750,PROD041
SOI0001508,SO000750,PROD013
SOI0001509,SO000751,PROD011
SOI0001510,SO000751,PROD010
SOI0001511,SO000752,PROD007
SOI0001512,SO000753,PROD022
SOI0001513,SO000753,PROD004
SOI0001514,SO000754,PROD019
SOI0001515,SO000754,PROD028
SOI0001516,SO000754,PROD043
SOI0001517,SO000755,PROD031
SOI0001518,SO000756,PROD026
SOI0001519,SO000756,PROD033
SOI0001520,SO000757,PROD002
SOI0001521,SO000757,PROD007
SOI0001522,SO000758,PROD038
SOI0001523,SO000759,PROD043
SOI0001524,SO000759,PROD023
SOI0001525,SO000760,PROD009
SOI0001526,SO000760,PROD010
SOI0001527,SO000760,PROD041
SOI0001528,SO000761,PROD040
SOI0001529,SO000761,PROD019
SOI0001530,SO000762,PROD043
SOI0001531,SO000762,PROD006
SOI0001532,SO000762,PROD034
SOI0001533,SO000763,PROD029
SOI0001534,SO000763,PROD048
SOI0001535,SO000763,PROD020
SOI0001536,SO000764,PROD019
SOI0001537,SO000765,PROD035
SOI0001538,SO000766,PROD034
SOI0001539,SO000767,PROD008
SOI0001540,SO000767,PROD007
SOI0001541,SO000767,PROD027
SOI0001542,SO000768,PROD042
SOI0001543,SO000768,PROD018
SOI0001544,SO000769,PROD004
SOI0001545,SO000769,PROD033
SOI0001546,SO000770,PROD010
SOI0001547,SO000770,PROD039
SOI0001548,SO000771,PROD030
SOI0001549,SO000771,PROD043
SOI0001550,SO000772,PROD006
SOI0001551,SO000772,PROD029
SOI0001552,SO000772,PROD024
SOI0001553,SO000773,PROD041
SOI0001554,SO000774,PROD001
SOI0001555,SO000774,PROD036
SOI0001556,SO000774,PROD046
SOI0001557,SO000775,PROD046
SOI0001558,SO000775,PROD015
SOI0001559,SO000776,PROD020
SOI0001560,SO000776,PROD022
SOI0001561,SO000776,PROD019
SOI0001562,SO000777,PROD033
SOI0001563,SO000777,PROD014
SOI0001564,SO000778,PROD001
SOI0001565,SO000778,PROD034
SOI0001566,SO000779,PROD010
SOI0001567,SO000779,PROD042
SOI0001568,SO000780,PROD037
SOI0001569,SO000780,PROD015
SOI0001570,SO000780,PROD044
SOI0001571,SO000781,PROD041
SOI0001572,SO000781,PROD020
SOI0001573,SO000781,PROD024
SOI0001574,SO000782,PROD020
SOI0001575,SO000782,PROD033
SOI0001576,SO000783,PROD001
SOI0001577,SO000784,PROD027
SOI0001578,SO000784,PROD033
SOI0001579,SO000784,PROD007
SOI0001580,SO000785,PROD004
SOI0001581,SO000785,PROD043
SOI0001582,SO000786,PROD006
SOI0001583,SO000787,PROD005
SOI0001584,SO000787,PROD047
SOI0001585,SO000788,PROD004
SOI0001586,SO000788,PROD032
SOI0001587,SO000788,PROD027
SOI0001588,SO000789,PROD018
SOI0001589,SO000789,PROD022
SOI0001590,SO000789,PROD015
SOI0001591,SO000790,PROD031
SOI0001592,SO000790,PROD026
SOI0001593,SO000791,PROD034
SOI0001594,SO000792,PROD038
SOI0001595,SO000792,PROD044
SOI0001596,SO000792,PROD033
SOI0001597,SO000793,PROD039
SOI0001598,SO000794,PROD017
SOI0001599,SO000795,PROD017
SOI0001600,SO000795,PROD010
SOI0001601,SO000796,PROD003
SOI0001602,SO000796,PROD042
SOI0001603,SO000797,PROD006
SOI0001604,SO000797,PROD028
SOI0001605,SO000797,PROD026
SOI0001606,SO000798,PROD042
SOI0001607,SO000799,PROD032
SOI0001608,SO000799,PROD040
SOI0001609,SO000800,PROD007
SOI0001610,SO000801,PROD017
SOI0001611,SO000801,PROD016
SOI0001612,SO000802,PROD013
SOI0001613,SO000803,PROD009
SOI0001614,SO000803,PROD046
SOI0001615,SO000803,PROD018
SOI0001616,SO000804,PROD012
SOI0001617,SO000805,PROD027
SOI0001618,SO000805,PROD035
SOI0001619,SO000806,PROD033
SOI0001620,SO000806,PROD006
SOI0001621,SO000807,PROD030
SOI0001622,SO000807,PROD037
SOI0001623,SO000808,PROD003
SOI0001624,SO000809,PROD004
SOI0001625,SO000810,PROD022
SOI0001626,SO000810,PROD017
SOI0001627,SO000810,PROD007
SOI0001628,SO000811,PROD014
SOI0001629,SO000811,PROD030
SOI0001630,SO000811,PROD020
SOI0001631,SO000812,PROD032
SOI0001632,SO000812,PROD028
SOI0001633,SO000812,PROD043
SOI0001634,SO000813,PROD015
SOI0001635,SO000814,PROD025
SOI0001636,SO000814,PROD039
SOI0001637,SO000814,PROD037
SOI0001638,SO000815,PROD015
SOI0001639,SO000816,PROD034
SOI0001640,SO000816,PROD044
SOI0001641,SO000817,PROD028
SOI0001642,SO000818,PROD021
SOI0001643,SO000818,PROD046
SOI0001644,SO000819,PROD029
SOI0001645,SO000819,PROD006
SOI0001646,SO000819,PROD018
SOI0001647,SO000820,PROD007
SOI0001648,SO000820,PROD001
SOI0001649,SO000821,PROD010
SOI0001650,SO000821,PROD042
SOI0001651,SO000821,PROD046
SOI0001652,SO000822,PROD038
SOI0001653,SO000822,PROD008
SOI0001654,SO000823,PROD040
SOI0001655,SO000823,PROD029
SOI0001656,SO000823,PROD041
SOI0001657,SO000824,PROD021
SOI0001658,SO000824,PROD020
SOI0001659,SO000824,PROD022
SOI0001660,SO000825,PROD038
SOI0001661,SO000826,PROD013
SOI0001662,SO000826,PROD024
SOI0001663,SO000826,PROD034
SOI0001664,SO000827,PROD026
SOI0001665,SO000827,PROD037
SOI0001666,SO000828,PROD041
SOI0001667,SO000828,PROD037
SOI0001668,SO000828,PROD032
SOI0001669,SO000829,PROD043
SOI0001670,SO000829,PROD028
SOI0001671,SO000829,PROD019
SOI0001672,SO000830,PROD013
SOI0001673,SO000830,PROD041
SOI0001674,SO000830,PROD039
SOI0001675,SO000831,PROD040
SOI0001676,SO000832,PROD027
SOI0001677,SO000832,PROD037
SOI0001678,SO000832,PROD013
SOI0001679,SO000833,PROD017
SOI0001680,SO000833,PROD041
SOI0001681,SO000833,PROD012
SOI0001682,SO000834,PROD018
SOI0001683,SO000835,PROD006
SOI0001684,SO000836,PROD045
SOI0001685,SO000836,PROD026
SOI0001686,SO000837,PROD014
SOI0001687,SO000837,PROD026
SOI0001688,SO000838,PROD015
SOI0001689,SO000838,PROD016
SOI0001690,SO000839,PROD024
SOI0001691,SO000839,PROD047
SOI0001692,SO000839,PROD016
SOI0001693,SO000840,PROD024
SOI0001694,SO000840,PROD019
SOI0001695,SO000841,PROD048
SOI0001696,SO000842,PROD026
SOI0001697,SO000843,PROD039
SOI0001698,SO000843,PROD047
SOI0001699,SO000844,PROD040
SOI0001700,SO000844,PROD028
SOI0001701,SO000844,PROD014
SOI0001702,SO000845,PROD006
SOI0001703,SO000846,PROD032
SOI0001704,SO000847,PROD048
SOI0001705,SO000848,PROD018
SOI0001706,SO000848,PROD017
SOI0001707,SO000849,PROD048
SOI0001708,SO000850,PROD026
SOI0001709,SO000850,PROD021
SOI0001710,SO000850,PROD006
SOI0001711,SO000851,PROD032
SOI0001712,SO000851,PROD020
SOI0001713,SO000851,PROD002
SOI0001714,SO000852,PROD036
SOI0001715,SO000852,PROD008
SOI0001716,SO000853,PROD007
SOI0001717,SO000854,PROD016
SOI0001718,SO000855,PROD029
SOI0001719,SO000855,PROD032
SOI0001720,SO000855,PROD008
SOI0001721,SO000856,PROD027
SOI0001722,SO000856,PROD018
SOI0001723,SO000856,PROD008
SOI0001724,SO000857,PROD006
SOI0001725,SO000857,PROD021
SOI0001726,SO000857,PROD008
SOI0001727,SO000858,PROD008
SOI0001728,SO000858,PROD047
SOI0001729,SO000858,PROD026
SOI0001730,SO000859,PROD005
SOI0001731,SO000860,PROD015
SOI0001732,SO000861,PROD003
SOI0001733,SO000861,PROD041
SOI0001734,SO000861,PROD046
SOI0001735,SO000862,PROD013
SOI0001736,SO000862,PROD048
SOI0001737,SO000862,PROD024
SOI0001738,SO000863,PROD018
SOI0001739,SO000863,PROD028
SOI0001740,SO000864,PROD001
SOI0001741,SO000864,PROD045
SOI0001742,SO000864,PROD016
SOI0001743,SO000865,PROD039
SOI0001744,SO000866,PROD011
SOI0001745,SO000866,PROD008
SOI0001746,SO000866,PROD046
SOI0001747,SO000867,PROD014
SOI0001748,SO000868,PROD017
SOI0001749,SO000868,PROD042
SOI0001750,SO000869,PROD046
SOI0001751,SO000869,PROD029
SOI0001752,SO000870,PROD007
SOI0001753,SO000871,PROD047
SOI0001754,SO000872,PROD047
SOI0001755,SO000873,PROD010
SOI0001756,SO000874,PROD042
SOI0001757,SO000874,PROD034
SOI0001758,SO000875,PROD011
SOI0001759,SO000875,PROD009
SOI0001760,SO000875,PROD017
SOI0001761,SO000876,PROD025
SOI0001762,SO000876,PROD007
SOI0001763,SO000877,PROD026
SOI0001764,SO000877,PROD006
SOI0001765,SO000877,PROD013
SOI0001766,SO000878,PROD038
SOI0001767,SO000879,PROD047
SOI0001768,SO000880,PROD006
SOI0001769,SO000880,PROD035
SOI0001770,SO000881,PROD015
SOI0001771,SO000881,PROD003
SOI0001772,SO000881,PROD011
SOI0001773,SO000882,PROD038
SOI0001774,SO000883,PROD003
SOI0001775,SO000884,PROD037
SOI0001776,SO000884,PROD017
SOI0001777,SO000884,PROD038
SOI0001778,SO000885,PROD002
SOI0001779,SO000886,PROD012
SOI0001780,SO000886,PROD029
SOI0001781,SO000887,PROD002
SOI0001782,SO000887,PROD042
SOI0001783,SO000888,PROD031
SOI0001784,SO000888,PROD003
SOI0001785,SO000888,PROD001
SOI0001786,SO000889,PROD016
SOI0001787,SO000889,PROD028
SOI0001788,SO000889,PROD006
SOI0001789,SO000890,PROD027
SOI0001790,SO000890,PROD005
SOI0001791,SO000890,PROD037
SOI0001792,SO000891,PROD032
SOI0001793,SO000892,PROD040
SOI0001794,SO000892,PROD047
SOI0001795,SO000892,PROD044
SOI0001796,SO000893,PROD048
SOI0001797,SO000893,PROD001
SOI0001798,SO000893,PROD046
SOI0001799,SO000894,PROD024
SOI0001800,SO000894,PROD034
SOI0001801,SO000894,PROD019
SOI0001802,SO000895,PROD019
SOI0001803,SO000896,PROD004
SOI0001804,SO000896,PROD034
SOI0001805,SO000897,PROD033
SOI0001806,SO000898,PROD015
SOI0001807,SO000899,PROD013
SOI0001808,SO000899,PROD026
SOI0001809,SO000900,PROD009
SOI0001810,SO000900,PROD033
SOI0001811,SO000901,PROD021
SOI0001812,SO000902,PROD041
SOI0001813,SO000902,PROD022
SOI0001814,SO000903,PROD032
SOI0001815,SO000904,PROD032
SOI0001816,SO000905,PROD018
SOI0001817,SO000905,PROD007
SOI0001818,SO000906,PROD047
SOI0001819,SO000907,PROD043
SOI0001820,SO000907,PROD023
SOI0001821,SO000907,PROD006
SOI0001822,SO000908,PROD006
SOI0001823,SO000909,PROD048
SOI0001824,SO000910,PROD034
SOI0001825,SO000910,PROD025
SOI0001826,SO000910,PROD012
SOI0001827,SO000911,PROD047
SOI0001828,SO000912,PROD031
SOI0001829,SO000912,PROD038
SOI0001830,SO000912,PROD047
SOI0001831,SO000913,PROD020
SOI0001832,SO000913,PROD007
SOI0001833,SO000914,PROD039
SOI0001834,SO000915,PROD028
SOI0001835,SO000916,PROD012
SOI0001836,SO000917,PROD046
SOI0001837,SO000917,PROD018
SOI0001838,SO000918,PROD028
SOI0001839,SO000918,PROD008
SOI0001840,SO000919,PROD041
SOI0001841,SO000920,PROD034
SOI0001842,SO000921,PROD031
SOI0001843,SO000921,PROD001
SOI0001844,SO000922,PROD044
SOI0001845,SO000923,PROD008
SOI0001846,SO000923,PROD038
SOI0001847,SO000923,PROD046
SOI0001848,SO000924,PROD031
SOI0001849,SO000924,PROD044
SOI0001850,SO000925,PROD018
SOI0001851,SO000925,PROD013
SOI0001852,SO000926,PROD040
SOI0001853,SO000926,PROD023
SOI0001854,SO000926,PROD043
SOI0001855,SO000927,PROD008
SOI0001856,SO000927,PROD009
SOI0001857,SO000928,PROD029
SOI0001858,SO000928,PROD010
SOI0001859,SO000928,PROD003
SOI0001860,SO000929,PROD016
SOI0001861,SO000929,PROD019
SOI0001862,SO000929,PROD028
SOI0001863,SO000930,PROD044
SOI0001864,SO000930,PROD045
SOI0001865,SO000930,PROD020
SOI0001866,SO000931,PROD010
SOI0001867,SO000931,PROD025
SOI0001868,SO000931,PROD004
SOI0001869,SO000932,PROD020
SOI0001870,SO000932,PROD034
SOI0001871,SO000933,PROD030
SOI0001872,SO000933,PROD024
SOI0001873,SO000933,PROD032
SOI0001874,SO000934,PROD013
SOI0001875,SO000935,PROD032
SOI0001876,SO000935,PROD005
SOI0001877,SO000935,PROD046
SOI0001878,SO000936,PROD004
SOI0001879,SO000936,PROD031
SOI0001880,SO000937,PROD039
SOI0001881,SO000937,PROD004
SOI0001882,SO000938,PROD014
SOI0001883,SO000939,PROD003
SOI0001884,SO000940,PROD019
SOI0001885,SO000940,PROD041
SOI0001886,SO000941,PROD007
SOI0001887,SO000941,PROD003
SOI0001888,SO000941,PROD024
SOI0001889,SO000942,PROD021
SOI0001890,SO000942,PROD015
SOI0001891,SO000942,PROD022
SOI0001892,SO000943,PROD023
SOI0001893,SO000944,PROD027
SOI0001894,SO000944,PROD005
SOI0001895,SO000944,PROD048
SOI0001896,SO000945,PROD007
SOI0001897,SO000945,PROD009
SOI0001898,SO000945,PROD046
SOI0001899,SO000946,PROD011
SOI0001900,SO000946,PROD012
SOI0001901,SO000947,PROD041
SOI0001902,SO000947,PROD027
SOI0001903,SO000948,PROD019
SOI0001904,SO000948,PROD048
SOI0001905,SO000949,PROD043
SOI0001906,SO000949,PROD018
SOI0001907,SO000949,PROD034
SOI0001908,SO000950,PROD021
SOI0001909,SO000950,PROD009
SOI0001910,SO000951,PROD038
SOI0001911,SO000952,PROD018
SOI0001912,SO000952,PROD036
SOI0001913,SO000952,PROD035
SOI0001914,SO000953,PROD029
SOI0001915,SO000953,PROD035
SOI0001916,SO000954,PROD038
SOI0001917,SO000954,PROD040
SOI0001918,SO000955,PROD018
SOI0001919,SO000956,PROD042
SOI0001920,SO000956,PROD015
SOI0001921,SO000957,PROD027
SOI0001922,SO000957,PROD044
SOI0001923,SO000957,PROD034
SOI0001924,SO000958,PROD010
SOI0001925,SO000958,PROD016
SOI0001926,SO000958,PROD032
SOI0001927,SO000959,PROD005
SOI0001928,SO000960,PROD010
SOI0001929,SO000960,PROD035
SOI0001930,SO000960,PROD048
SOI0001931,SO000961,PROD017
SOI0001932,SO000961,PROD038
SOI0001933,SO000962,PROD044
SOI0001934,SO000962,PROD003
SOI0001935,SO000963,PROD009
SOI0001936,SO000963,PROD036
SOI0001937,SO000963,PROD044
SOI0001938,SO000964,PROD003
SOI0001939,SO000964,PROD040
SOI0001940,SO000964,PROD017
SOI0001941,SO000965,PROD039
SOI0001942,SO000965,PROD016
SOI0001943,SO000965,PROD017
SOI0001944,SO000966,PROD014
SOI0001945,SO000966,PROD031
SOI0001946,SO000967,PROD022
SOI0001947,SO000967,PROD021
SOI0001948,SO000967,PROD029
SOI0001949,SO000968,PROD029
SOI0001950,SO000969,PROD025
SOI0001951,SO000969,PROD012
SOI0001952,SO000969,PROD007
SOI0001953,SO000970,PROD007
SOI0001954,SO000970,PROD028
SOI0001955,SO000970,PROD033
SOI0001956,SO000971,PROD039
SOI0001957,SO000971,PROD016
SOI0001958,SO000971,PROD027
SOI0001959,SO000972,PROD039
SOI0001960,SO000972,PROD004
SOI0001961,SO000972,PROD012
SOI0001962,SO000973,PROD020
SOI0001963,SO000974,PROD024
SOI0001964,SO000974,PROD023
SOI0001965,SO000975,PROD029
SOI0001966,SO000976,PROD012
SOI0001967,SO000977,PROD021
SOI0001968,SO000977,PROD007
SOI0001969,SO000977,PROD028
SOI0001970,SO000978,PROD041
SOI0001971,SO000979,PROD040
SOI0001972,SO000980,PROD045
SOI0001973,SO000980,PROD033
SOI0001974,SO000980,PROD046
SOI0001975,SO000981,PROD013
SOI0001976,SO000981,PROD009
SOI0001977,SO000982,PROD019
SOI0001978,SO000983,PROD003
SOI0001979,SO000983,PROD011
SOI0001980,SO000983,PROD037
SOI0001981,SO000984,PROD025
SOI0001982,SO000984,PROD016
SOI0001983,SO000984,PROD009
SOI0001984,SO000985,PROD033
SOI0001985,SO000985,PROD023
SOI0001986,SO000986,PROD002
SOI0001987,SO000987,PROD007
SOI0001988,SO000987,PROD030
SOI0001989,SO000987,PROD048
SOI0001990,SO000988,PROD044
SOI0001991,SO000988,PROD026
SOI0001992,SO000989,PROD015
SOI0001993,SO000990,PROD019
SOI0001994,SO000990,PROD042
SOI0001995,SO000991,PROD037
SOI0001996,SO000991,PROD021
SOI0001997,SO000992,PROD034
SOI0001998,SO000993,PROD003
SOI0001999,SO000993,PROD022
SOI0002000,SO000993,PROD017
SOI0002001,SO000994,PROD033
SOI0002002,SO000994,PROD043
SOI0002003,SO000994,PROD003
SOI0002004,SO000995,PROD009
SOI0002005,SO000996,PROD036
SOI0002006,SO000997,PROD043
SOI0002007,SO000998,PROD014
SOI0002008,SO000999,PROD022
SOI0002009,SO001000,PROD043
SOI0002010,SO001001,PROD008
SOI0002011,SO001001,PROD024
SOI0002012,SO001002,PROD020
SOI0002013,SO001003,PROD016
SOI0002014,SO001003,PROD002
SOI0002015,SO001004,PROD025
SOI0002016,SO001004,PROD004
SOI0002017,SO001005,PROD043
SOI0002018,SO001005,PROD014
SOI0002019,SO001005,PROD012
SOI0002020,SO001006,PROD020
SOI0002021,SO001007,PROD015
SOI0002022,SO001008,PROD018
SOI0002023,SO001008,PROD039
SOI0002024,SO001009,PROD038
SOI0002025,SO001010,PROD018
SOI0002026,SO001010,PROD040
SOI0002027,SO001011,PROD003
SOI0002028,SO001011,PROD007
SOI0002029,SO001012,PROD036
SOI0002030,SO001013,PROD033
SOI0002031,SO001013,PROD004
SOI0002032,SO001013,PROD015
SOI0002033,SO001014,PROD003
SOI0002034,SO001015,PROD030
SOI0002035,SO001016,PROD001
SOI0002036,SO001017,PROD007
SOI0002037,SO001017,PROD029
SOI0002038,SO001017,PROD028
SOI0002039,SO001018,PROD047
SOI0002040,SO001018,PROD037
SOI0002041,SO001018,PROD033
SOI0002042,SO001019,PROD014
SOI0002043,SO001019,PROD001
SOI0002044,SO001020,PROD022
SOI0002045,SO001020,PROD037
SOI0002046,SO001020,PROD005
SOI0002047,SO001021,PROD020
SOI0002048,SO001021,PROD044
SOI0002049,SO001022,PROD010
SOI0002050,SO001022,PROD007
SOI0002051,SO001023,PROD010
SOI0002052,SO001024,PROD029
SOI0002053,SO001024,PROD035
SOI0002054,SO001025,PROD040
SOI0002055,SO001026,PROD041
SOI0002056,SO001026,PROD029
SOI0002057,SO001026,PROD022
SOI0002058,SO001027,PROD046
SOI0002059,SO001027,PROD018
SOI0002060,SO001028,PROD037
SOI0002061,SO001028,PROD019
SOI0002062,SO001029,PROD040
SOI0002063,SO001029,PROD027
SOI0002064,SO001029,PROD007
SOI0002065,SO001030,PROD044
SOI0002066,SO001031,PROD016
SOI0002067,SO001032,PROD034
SOI0002068,SO001032,PROD025
SOI0002069,SO001033,PROD007
SOI0002070,SO001034,PROD017
SOI0002071,SO001035,PROD017
SOI0002072,SO001035,PROD030
SOI0002073,SO001035,PROD014
SOI0002074,SO001036,PROD033
SOI0002075,SO001036,PROD020
SOI0002076,SO001036,PROD036
SOI0002077,SO001037,PROD011
SOI0002078,SO001038,PROD027
SOI0002079,SO001038,PROD014
SOI0002080,SO001038,PROD001
SOI0002081,SO001039,PROD037
SOI0002082,SO001039,PROD042
SOI0002083,SO001040,PROD006
SOI0002084,SO001040,PROD042
SOI0002085,SO001041,PROD045
SOI0002086,SO001041,PROD027
SOI0002087,SO001041,PROD023
SOI0002088,SO001042,PROD007
SOI0002089,SO001042,PROD048
SOI0002090,SO001043,PROD016
SOI0002091,SO001043,PROD025
SOI0002092,SO001044,PROD024
SOI0002093,SO001044,PROD003
SOI0002094,SO001044,PROD002
SOI0002095,SO001045,PROD043
SOI0002096,SO001046,PROD041
SOI0002097,SO001046,PROD016
SOI0002098,SO001047,PROD007
SOI0002099,SO001047,PROD017
SOI0002100,SO001047,PROD032
SOI0002101,SO001048,PROD027
SOI0002102,SO001048,PROD016
SOI0002103,SO001048,PROD035
SOI0002104,SO001049,PROD001
SOI0002105,SO001049,PROD025
SOI0002106,SO001050,PROD007
SOI0002107,SO001050,PROD047
SOI0002108,SO001050,PROD048
SOI0002109,SO001051,PROD025
SOI0002110,SO001051,PROD028
SOI0002111,SO001052,PROD011
SOI0002112,SO001052,PROD010
SOI0002113,SO001053,PROD017
SOI0002114,SO001054,PROD004
SOI0002115,SO001054,PROD026
SOI0002116,SO001055,PROD045
SOI0002117,SO001055,PROD027
SOI0002118,SO001056,PROD022
SOI0002119,SO001056,PROD003
SOI0002120,SO001057,PROD021
SOI0002121,SO001057,PROD016
SOI0002122,SO001057,PROD004
SOI0002123,SO001058,PROD019
SOI0002124,SO001058,PROD037
SOI0002125,SO001059,PROD010
SOI0002126,SO001059,PROD026
SOI0002127,SO001060,PROD025
SOI0002128,SO001060,PROD039
SOI0002129,SO001061,PROD016
SOI0002130,SO001061,PROD010
SOI0002131,SO001061,PROD043
SOI0002132,SO001062,PROD025
SOI0002133,SO001063,PROD025
SOI0002134,SO001063,PROD002
SOI0002135,SO001064,PROD003
SOI0002136,SO001065,PROD024
SOI0002137,SO001066,PROD012
SOI0002138,SO001066,PROD031
SOI0002139,SO001067,PROD034
SOI0002140,SO001067,PROD030
SOI0002141,SO001068,PROD018
SOI0002142,SO001069,PROD038
SOI0002143,SO001070,PROD014
SOI0002144,SO001070,PROD003
SOI0002145,SO001071,PROD020
SOI0002146,SO001071,PROD039
SOI0002147,SO001071,PROD034
SOI0002148,SO001072,PROD021
SOI0002149,SO001073,PROD042
SOI0002150,SO001074,PROD038
SOI0002151,SO001074,PROD019
SOI0002152,SO001075,PROD015
SOI0002153,SO001075,PROD004
SOI0002154,SO001076,PROD020
SOI0002155,SO001076,PROD011
SOI0002156,SO001076,PROD013
SOI0002157,SO001077,PROD031
SOI0002158,SO001077,PROD005
SOI0002159,SO001077,PROD040
SOI0002160,SO001078,PROD028
SOI0002161,SO001078,PROD043
SOI0002162,SO001078,PROD045
SOI0002163,SO001079,PROD038
SOI0002164,SO001080,PROD005
SOI0002165,SO001080,PROD022
SOI0002166,SO001081,PROD036
SOI0002167,SO001081,PROD012
SOI0002168,SO001081,PROD006
SOI0002169,SO001082,PROD002
SOI0002170,SO001082,PROD037
SOI0002171,SO001083,PROD043
SOI0002172,SO001083,PROD029
SOI0002173,SO001084,PROD048
SOI0002174,SO001085,PROD007
SOI0002175,SO001086,PROD047
SOI0002176,SO001086,PROD022
SOI0002177,SO001086,PROD027
SOI0002178,SO001087,PROD030
SOI0002179,SO001088,PROD035
SOI0002180,SO001088,PROD020
SOI0002181,SO001088,PROD047
SOI0002182,SO001089,PROD006
SOI0002183,SO001089,PROD044
SOI0002184,SO001090,PROD016
SOI0002185,SO001090,PROD014
SOI0002186,SO001090,PROD042
SOI0002187,SO001091,PROD045
SOI0002188,SO001091,PROD044
SOI0002189,SO001091,PROD005
SOI0002190,SO001092,PROD018
SOI0002191,SO001093,PROD030
SOI0002192,SO001093,PROD035
SOI0002193,SO001094,PROD025
SOI0002194,SO001095,PROD009
SOI0002195,SO001096,PROD040
SOI0002196,SO001096,PROD009
SOI0002197,SO001096,PROD007
SOI0002198,SO001097,PROD001
SOI0002199,SO001097,PROD006
SOI0002200,SO001097,PROD038
SOI0002201,SO001098,PROD016
SOI0002202,SO001098,PROD040
SOI0002203,SO001099,PROD019
SOI0002204,SO001099,PROD048
SOI0002205,SO001099,PROD006
SOI0002206,SO001100,PROD026
SOI0002207,SO001100,PROD014
SOI0002208,SO001101,PROD031
SOI0002209,SO001102,PROD042
SOI0002210,SO001103,PROD031
SOI0002211,SO001103,PROD029
SOI0002212,SO001103,PROD026
SOI0002213,SO001104,PROD026
SOI0002214,SO001104,PROD034
SOI0002215,SO001104,PROD035
SOI0002216,SO001105,PROD015
SOI0002217,SO001106,PROD039
SOI0002218,SO001106,PROD004
SOI0002219,SO001106,PROD018
SOI0002220,SO001107,PROD013
SOI0002221,SO001107,PROD018
SOI0002222,SO001107,PROD034
SOI0002223,SO001108,PROD035
SOI0002224,SO001108,PROD004
SOI0002225,SO001109,PROD013
SOI0002226,SO001110,PROD048
SOI0002227,SO001110,PROD006
SOI0002228,SO001110,PROD014
SOI0002229,SO001111,PROD031
SOI0002230,SO001111,PROD040
SOI0002231,SO001112,PROD012
SOI0002232,SO001113,PROD026
SOI0002233,SO001114,PROD029
SOI0002234,SO001114,PROD016
SOI0002235,SO001115,PROD006
SOI0002236,SO001115,PROD034
SOI0002237,SO001116,PROD023
SOI0002238,SO001117,PROD046
SOI0002239,SO001117,PROD037
SOI0002240,SO001118,PROD029
SOI0002241,SO001118,PROD045
SOI0002242,SO001119,PROD038
SOI0002243,SO001119,PROD015
SOI0002244,SO001119,PROD032
SOI0002245,SO001120,PROD006
SOI0002246,SO001120,PROD011
SOI0002247,SO001121,PROD044
SOI0002248,SO001122,PROD045
SOI0002249,SO001123,PROD011
SOI0002250,SO001123,PROD030
SOI0002251,SO001123,PROD017
SOI0002252,SO001124,PROD029
SOI0002253,SO001124,PROD033
SOI0002254,SO001124,PROD010
SOI0002255,SO001125,PROD016
SOI0002256,SO001125,PROD010
SOI0002257,SO001125,PROD029
SOI0002258,SO001126,PROD046
SOI0002259,SO001127,PROD002
SOI0002260,SO001127,PROD036
SOI0002261,SO001128,PROD014
SOI0002262,SO001128,PROD020
SOI0002263,SO001128,PROD009
SOI0002264,SO001129,PROD011
SOI0002265,SO001129,PROD022
SOI0002266,SO001129,PROD020
SOI0002267,SO001130,PROD044
SOI0002268,SO001130,PROD029
SOI0002269,SO001130,PROD010
SOI0002270,SO001131,PROD004
SOI0002271,SO001132,PROD022
SOI0002272,SO001133,PROD037
SOI0002273,SO001133,PROD014
SOI0002274,SO001133,PROD047
SOI0002275,SO001134,PROD008
SOI0002276,SO001135,PROD015
SOI0002277,SO001135,PROD001
SOI0002278,SO001136,PROD041
SOI0002279,SO001136,PROD022
SOI0002280,SO001136,PROD012
SOI0002281,SO001137,PROD005
SOI0002282,SO001137,PROD027
SOI0002283,SO001137,PROD003
SOI0002284,SO001138,PROD037
SOI0002285,SO001139,PROD005
SOI0002286,SO001140,PROD041
SOI0002287,SO001140,PROD029
SOI0002288,SO001140,PROD018
SOI0002289,SO001141,PROD035
SOI0002290,SO001141,PROD033
SOI0002291,SO001141,PROD012
SOI0002292,SO001142,PROD041
SOI0002293,SO001142,PROD011
SOI0002294,SO001142,PROD026
SOI0002295,SO001143,PROD037
SOI0002296,SO001143,PROD011
SOI0002297,SO001144,PROD036
SOI0002298,SO001144,PROD035
SOI0002299,SO001144,PROD032
SOI0002300,SO001145,PROD021
SOI0002301,SO001146,PROD040
SOI0002302,SO001146,PROD046
SOI0002303,SO001147,PROD023
SOI0002304,SO001147,PROD047
SOI0002305,SO001148,PROD033
SOI0002306,SO001148,PROD039
SOI0002307,SO001148,PROD009
SOI0002308,SO001149,PROD014
SOI0002309,SO001149,PROD017
SOI0002310,SO001149,PROD027
SOI0002311,SO001150,PROD030
SOI0002312,SO001150,PROD045
SOI0002313,SO001150,PROD015
SOI0002314,SO001151,PROD010
SOI0002315,SO001151,PROD023
SOI0002316,SO001152,PROD030
SOI0002317,SO001153,PROD032
SOI0002318,SO001153,PROD045
SOI0002319,SO001154,PROD001
SOI0002320,SO001155,PROD040
SOI0002321,SO001155,PROD034
SOI0002322,SO001156,PROD041
SOI0002323,SO001156,PROD025
SOI0002324,SO001157,PROD012
SOI0002325,SO001158,PROD017
SOI0002326,SO001159,PROD013
SOI0002327,SO001160,PROD032
SOI0002328,SO001160,PROD014
SOI0002329,SO001161,PROD040
SOI0002330,SO001161,PROD002
SOI0002331,SO001161,PROD009
SOI0002332,SO001162,PROD017
SOI0002333,SO001162,PROD012
SOI0002334,SO001162,PROD028
SOI0002335,SO001163,PROD034
SOI0002336,SO001163,PROD035
SOI0002337,SO001164,PROD030
SOI0002338,SO001164,PROD014
SOI0002339,SO001165,PROD011
SOI0002340,SO001166,PROD028
SOI0002341,SO001166,PROD002
SOI0002342,SO001167,PROD012
SOI0002343,SO001168,PROD016
SOI0002344,SO001169,PROD028
SOI0002345,SO001170,PROD039
SOI0002346,SO001170,PROD017
SOI0002347,SO001170,PROD034
SOI0002348,SO001171,PROD004
SOI0002349,SO001172,PROD038
SOI0002350,SO001172,PROD007
SOI0002351,SO001173,PROD032
SOI0002352,SO001174,PROD003
SOI0002353,SO001175,PROD013
SOI0002354,SO001176,PROD029
SOI0002355,SO001176,PROD010
SOI0002356,SO001177,PROD025
SOI0002357,SO001178,PROD033
SOI0002358,SO001178,PROD014
SOI0002359,SO001179,PROD012
SOI0002360,SO001180,PROD047
SOI0002361,SO001181,PROD004
SOI0002362,SO001181,PROD035
SOI0002363,SO001181,PROD015
SOI0002364,SO001182,PROD035
SOI0002365,SO001183,PROD001
SOI0002366,SO001184,PROD026
SOI0002367,SO001184,PROD012
SOI0002368,SO001185,PROD015
SOI0002369,SO001186,PROD038
SOI0002370,SO001186,PROD024
SOI0002371,SO001186,PROD036
SOI0002372,SO001187,PROD040
SOI0002373,SO001188,PROD006
SOI0002374,SO001188,PROD029
SOI0002375,SO001189,PROD023
SOI0002376,SO001190,PROD045
SOI0002377,SO001190,PROD024
SOI0002378,SO001190,PROD003
SOI0002379,SO001191,PROD014
SOI0002380,SO001192,PROD021
SOI0002381,SO001192,PROD046
SOI0002382,SO001192,PROD005
SOI0002383,SO001193,PROD044
SOI0002384,SO001193,PROD014
SOI0002385,SO001194,PROD027
SOI0002386,SO001194,PROD035
SOI0002387,SO001194,PROD026
SOI0002388,SO001195,PROD008
SOI0002389,SO001195,PROD017
SOI0002390,SO001196,PROD042
SOI0002391,SO001196,PROD033
SOI0002392,SO001196,PROD037
SOI0002393,SO001197,PROD017
SOI0002394,SO001197,PROD047
SOI0002395,SO001197,PROD041
SOI0002396,SO001198,PROD009
SOI0002397,SO001199,PROD035
SOI0002398,SO001200,PROD003
SOI0002399,SO001200,PROD027
SOI0002400,SO001201,PROD015
SOI0002401,SO001202,PROD030
SOI0002402,SO001203,PROD042
SOI0002403,SO001204,PROD022
SOI0002404,SO001204,PROD041
SOI0002405,SO001204,PROD013
SOI0002406,SO001205,PROD001
SOI0002407,SO001205,PROD015
SOI0002408,SO001206,PROD016
SOI0002409,SO001206,PROD032
SOI0002410,SO001207,PROD014
SOI0002411,SO001207,PROD005
SOI0002412,SO001207,PROD019
SOI0002413,SO001208,PROD027
SOI0002414,SO001208,PROD002
SOI0002415,SO001209,PROD046
SOI0002416,SO001209,PROD008
SOI0002417,SO001210,PROD032
SOI0002418,SO001211,PROD023
SOI0002419,SO001211,PROD047
SOI0002420,SO001211,PROD018
SOI0002421,SO001212,PROD031
SOI0002422,SO001212,PROD024
SOI0002423,SO001213,PROD031
SOI0002424,SO001213,PROD029
SOI0002425,SO001213,PROD014
SOI0002426,SO001214,PROD010
SOI0002427,SO001214,PROD036
SOI0002428,SO001215,PROD048
SOI0002429,SO001215,PROD017
SOI0002430,SO001216,PROD002
SOI0002431,SO001216,PROD031
SOI0002432,SO001217,PROD018
SOI0002433,SO001217,PROD010
SOI0002434,SO001217,PROD033
SOI0002435,SO001218,PROD006
SOI0002436,SO001218,PROD045
SOI0002437,SO001219,PROD017
SOI0002438,SO001219,PROD026
SOI0002439,SO001220,PROD007
SOI0002440,SO001220,PROD011
SOI0002441,SO001221,PROD038
SOI0002442,SO001221,PROD017
SOI0002443,SO001221,PROD024
SOI0002444,SO001222,PROD045
SOI0002445,SO001223,PROD004
SOI0002446,SO001223,PROD038
SOI0002447,SO001223,PROD047
SOI0002448,SO001224,PROD001
SOI0002449,SO001225,PROD011
SOI0002450,SO001225,PROD020
SOI0002451,SO001226,PROD010
SOI0002452,SO001226,PROD035
SOI0002453,SO001227,PROD014
SOI0002454,SO001227,PROD033
SOI0002455,SO001227,PROD041
SOI0002456,SO001228,PROD042
SOI0002457,SO001229,PROD014
SOI0002458,SO001229,PROD029
SOI0002459,SO001230,PROD017
SOI0002460,SO001230,PROD022
SOI0002461,SO001230,PROD045
SOI0002462,SO001231,PROD034
SOI0002463,SO001231,PROD006
SOI0002464,SO001231,PROD009
SOI0002465,SO001232,PROD004
SOI0002466,SO001232,PROD048
SOI0002467,SO001233,PROD042
SOI0002468,SO001233,PROD037
SOI0002469,SO001233,PROD029
SOI0002470,SO001234,PROD024
SOI0002471,SO001234,PROD028
SOI0002472,SO001234,PROD047
SOI0002473,SO001235,PROD044
SOI0002474,SO001235,PROD037
SOI0002475,SO001235,PROD026
SOI0002476,SO001236,PROD026
SOI0002477,SO001236,PROD011
SOI0002478,SO001237,PROD029
SOI0002479,SO001238,PROD038
SOI0002480,SO001239,PROD026
SOI0002481,SO001239,PROD044
SOI0002482,SO001239,PROD038
SOI0002483,SO001240,PROD027
SOI0002484,SO001240,PROD043
SOI0002485,SO001240,PROD035
SOI0002486,SO001241,PROD022
SOI0002487,SO001242,PROD010
SOI0002488,SO001242,PROD048
SOI0002489,SO001243,PROD001
SOI0002490,SO001243,PROD010
SOI0002491,SO001243,PROD029
SOI0002492,SO001244,PROD041
SOI0002493,SO001245,PROD013
SOI0002494,SO001246,PROD034
SOI0002495,SO001246,PROD005
SOI0002496,SO001247,PROD045
SOI0002497,SO001247,PROD012
SOI0002498,SO001248,PROD012
SOI0002499,SO001249,PROD035
SOI0002500,SO001250,PROD048
SOI0002501,SO001251,PROD012
SOI0002502,SO001252,PROD012
SOI0002503,SO001252,PROD003
SOI0002504,SO001253,PROD045
SOI0002505,SO001254,PROD039
SOI0002506,SO001254,PROD031
SOI0002507,SO001255,PROD017
SOI0002508,SO001255,PROD006
SOI0002509,SO001256,PROD016
SOI0002510,SO001256,PROD027
SOI0002511,SO001257,PROD027
SOI0002512,SO001258,PROD047
SOI0002513,SO001258,PROD014
SOI0002514,SO001259,PROD044
SOI0002515,SO001259,PROD025
SOI0002516,SO001260,PROD026
SOI0002517,SO001260,PROD039
SOI0002518,SO001260,PROD023
SOI0002519,SO001261,PROD015
SOI0002520,SO001262,PROD035
SOI0002521,SO001262,PROD043
SOI0002522,SO001262,PROD014
SOI0002523,SO001263,PROD008
SOI0002524,SO001264,PROD044
SOI0002525,SO001264,PROD034
SOI0002526,SO001264,PROD046
SOI0002527,SO001265,PROD028
SOI0002528,SO001265,PROD022
SOI0002529,SO001265,PROD002
SOI0002530,SO001266,PROD030
SOI0002531,SO001266,PROD029
SOI0002532,SO001267,PROD018
SOI0002533,SO001268,PROD038
SOI0002534,SO001268,PROD024
SOI0002535,SO001268,PROD015
SOI0002536,SO001269,PROD024
SOI0002537,SO001269,PROD034
SOI0002538,SO001270,PROD018
SOI0002539,SO001270,PROD007
SOI0002540,SO001270,PROD016
SOI0002541,SO001271,PROD013
SOI0002542,SO001271,PROD037
SOI0002543,SO001272,PROD047
SOI0002544,SO001273,PROD004
SOI0002545,SO001273,PROD048
SOI0002546,SO001273,PROD008
SOI0002547,SO001274,PROD035
SOI0002548,SO001274,PROD002
SOI0002549,SO001275,PROD014
SOI0002550,SO001275,PROD039
SOI0002551,SO001276,PROD007
SOI0002552,SO001276,PROD037
SOI0002553,SO001276,PROD032
SOI0002554,SO001277,PROD031
SOI0002555,SO001277,PROD030
SOI0002556,SO001278,PROD024
SOI0002557,SO001278,PROD047
SOI0002558,SO001279,PROD046
SOI0002559,SO001280,PROD033
SOI0002560,SO001280,PROD006
SOI0002561,SO001280,PROD024
SOI0002562,SO001281,PROD025
SOI0002563,SO001281,PROD048
SOI0002564,SO001282,PROD032
SOI0002565,SO001283,PROD038
SOI0002566,SO001284,PROD045
SOI0002567,SO001285,PROD029
SOI0002568,SO001285,PROD046
SOI0002569,SO001285,PROD033
SOI0002570,SO001286,PROD045
SOI0002571,SO001286,PROD021
SOI0002572,SO001286,PROD019
SOI0002573,SO001287,PROD047
SOI0002574,SO001287,PROD016
SOI0002575,SO001288,PROD007
SOI0002576,SO001289,PROD034
SOI0002577,SO001289,PROD039
SOI0002578,SO001290,PROD037
SOI0002579,SO001290,PROD008
SOI0002580,SO001291,PROD006
SOI0002581,SO001292,PROD010
SOI0002582,SO001292,PROD026
SOI0002583,SO001292,PROD024
SOI0002584,SO001293,PROD036
SOI0002585,SO001293,PROD046
SOI0002586,SO001293,PROD020
SOI0002587,SO001294,PROD039
SOI0002588,SO001295,PROD029
SOI0002589,SO001296,PROD022
SOI0002590,SO001296,PROD034
SOI0002591,SO001297,PROD013
SOI0002592,SO001297,PROD025
SOI0002593,SO001297,PROD023
SOI0002594,SO001298,PROD017
SOI0002595,SO001299,PROD043
SOI0002596,SO001299,PROD002
SOI0002597,SO001299,PROD008
SOI0002598,SO001300,PROD047
SOI0002599,SO001301,PROD015
SOI0002600,SO001302,PROD009
SOI0002601,SO001302,PROD036
SOI0002602,SO001303,PROD013
SOI0002603,SO001304,PROD020
SOI0002604,SO001304,PROD014
SOI0002605,SO001304,PROD040
SOI0002606,SO001305,PROD020
SOI0002607,SO001306,PROD010
SOI0002608,SO001306,PROD023
SOI0002609,SO001307,PROD040
SOI0002610,SO001307,PROD034
SOI0002611,SO001308,PROD044
SOI0002612,SO001308,PROD008
SOI0002613,SO001309,PROD022
SOI0002614,SO001309,PROD017
SOI0002615,SO001310,PROD038
SOI0002616,SO001311,PROD013
SOI0002617,SO001311,PROD018
SOI0002618,SO001311,PROD023
SOI0002619,SO001312,PROD042
SOI0002620,SO001313,PROD038
SOI0002621,SO001314,PROD007
SOI0002622,SO001314,PROD027
SOI0002623,SO001314,PROD030
SOI0002624,SO001315,PROD044
SOI0002625,SO001315,PROD022
SOI0002626,SO001315,PROD011
SOI0002627,SO001316,PROD048
SOI0002628,SO001316,PROD026
SOI0002629,SO001316,PROD001
SOI0002630,SO001317,PROD010
SOI0002631,SO001317,PROD041
SOI0002632,SO001317,PROD046
SOI0002633,SO001318,PROD020
SOI0002634,SO001318,PROD026
SOI0002635,SO001318,PROD045
SOI0002636,SO001319,PROD005
SOI0002637,SO001320,PROD030
SOI0002638,SO001320,PROD007
SOI0002639,SO001320,PROD018
SOI0002640,SO001321,PROD020
SOI0002641,SO001322,PROD016
SOI0002642,SO001323,PROD002
SOI0002643,SO001324,PROD005
SOI0002644,SO001324,PROD020
SOI0002645,SO001324,PROD007
SOI0002646,SO001325,PROD012
SOI0002647,SO001326,PROD016
SOI0002648,SO001326,PROD018
SOI0002649,SO001326,PROD041
SOI0002650,SO001327,PROD029
SOI0002651,SO001328,PROD019
SOI0002652,SO001329,PROD007
SOI0002653,SO001329,PROD015
SOI0002654,SO001330,PROD024
SOI0002655,SO001331,PROD014
SOI0002656,SO001331,PROD006
SOI0002657,SO001332,PROD034
SOI0002658,SO001332,PROD045
SOI0002659,SO001332,PROD044
SOI0002660,SO001333,PROD016
SOI0002661,SO001333,PROD006
SOI0002662,SO001334,PROD032
SOI0002663,SO001334,PROD048
SOI0002664,SO001334,PROD031
SOI0002665,SO001335,PROD003
SOI0002666,SO001335,PROD044
SOI0002667,SO001336,PROD024
SOI0002668,SO001337,PROD041
SOI0002669,SO001337,PROD021
SOI0002670,SO001337,PROD016
SOI0002671,SO001338,PROD041
SOI0002672,SO001339,PROD047
SOI0002673,SO001340,PROD008
SOI0002674,SO001340,PROD024
SOI0002675,SO001341,PROD046
SOI0002676,SO001341,PROD044
SOI0002677,SO001341,PROD032
SOI0002678,SO001342,PROD001
SOI0002679,SO001342,PROD027
SOI0002680,SO001343,PROD045
SOI0002681,SO001344,PROD036
SOI0002682,SO001345,PROD025
SOI0002683,SO001346,PROD026
SOI0002684,SO001346,PROD014
SOI0002685,SO001347,PROD023
SOI0002686,SO001348,PROD003
SOI0002687,SO001348,PROD020
SOI0002688,SO001348,PROD004
SOI0002689,SO001349,PROD009
SOI0002690,SO001349,PROD037
SOI0002691,SO001349,PROD031
SOI0002692,SO001350,PROD016
SOI0002693,SO001350,PROD030
SOI0002694,SO001350,PROD015
SOI0002695,SO001351,PROD037
SOI0002696,SO001351,PROD001
SOI0002697,SO001351,PROD031
SOI0002698,SO001352,PROD003
SOI0002699,SO001353,PROD009
SOI0002700,SO001353,PROD039
SOI0002701,SO001354,PROD025
SOI0002702,SO001355,PROD027
SOI0002703,SO001355,PROD036
SOI0002704,SO001355,PROD043
SOI0002705,SO001356,PROD036
SOI0002706,SO001357,PROD020
SOI0002707,SO001357,PROD009
SOI0002708,SO001357,PROD039
SOI0002709,SO001358,PROD006
SOI0002710,SO001358,PROD031
SOI0002711,SO001359,PROD029
SOI0002712,SO001359,PROD007
SOI0002713,SO001360,PROD017
SOI0002714,SO001360,PROD005
SOI0002715,SO001360,PROD018
SOI0002716,SO001361,PROD013
SOI0002717,SO001361,PROD001
SOI0002718,SO001361,PROD015
SOI0002719,SO001362,PROD008
SOI0002720,SO001363,PROD036
SOI0002721,SO001363,PROD037
SOI0002722,SO001363,PROD040
SOI0002723,SO001364,PROD025
SOI0002724,SO001364,PROD036
SOI0002725,SO001364,PROD022
SOI0002726,SO001365,PROD026
SOI0002727,SO001366,PROD015
SOI0002728,SO001367,PROD008
SOI0002729,SO001368,PROD016
SOI0002730,SO001368,PROD034
SOI0002731,SO001369,PROD037
SOI0002732,SO001369,PROD027
SOI0002733,SO001369,PROD016
SOI0002734,SO001370,PROD045
SOI0002735,SO001370,PROD001
SOI0002736,SO001371,PROD002
SOI0002737,SO001371,PROD031
SOI0002738,SO001371,PROD006
SOI0002739,SO001372,PROD042
SOI0002740,SO001373,PROD024
SOI0002741,SO001374,PROD002
SOI0002742,SO001374,PROD014
SOI0002743,SO001374,PROD022
SOI0002744,SO001375,PROD046
SOI0002745,SO001375,PROD040
SOI0002746,SO001376,PROD026
SOI0002747,SO001376,PROD043
SOI0002748,SO001376,PROD015
SOI0002749,SO001377,PROD012
SOI0002750,SO001377,PROD002
SOI0002751,SO001378,PROD032
SOI0002752,SO001378,PROD011
SOI0002753,SO001379,PROD006
SOI0002754,SO001380,PROD042
SOI0002755,SO001380,PROD028
SOI0002756,SO001381,PROD033
SOI0002757,SO001381,PROD011
SOI0002758,SO001381,PROD017
SOI0002759,SO001382,PROD026
SOI0002760,SO001382,PROD015
SOI0002761,SO001383,PROD047
SOI0002762,SO001384,PROD013
SOI0002763,SO001384,PROD007
SOI0002764,SO001384,PROD019
SOI0002765,SO001385,PROD042
SOI0002766,SO001385,PROD011
SOI0002767,SO001386,PROD013
SOI0002768,SO001387,PROD015
SOI0002769,SO001387,PROD045
SOI0002770,SO001388,PROD045
SOI0002771,SO001389,PROD041
SOI0002772,SO001389,PROD013
SOI0002773,SO001389,PROD016
SOI0002774,SO001390,PROD016
SOI0002775,SO001391,PROD013
SOI0002776,SO001391,PROD023
SOI0002777,SO001391,PROD043
SOI0002778,SO001392,PROD039
SOI0002779,SO001392,PROD002
SOI0002780,SO001393,PROD013
SOI0002781,SO001393,PROD014
SOI0002782,SO001394,PROD006
SOI0002783,SO001394,PROD025
SOI0002784,SO001395,PROD001
SOI0002785,SO001396,PROD009
SOI0002786,SO001397,PROD030
SOI0002787,SO001397,PROD039
SOI0002788,SO001397,PROD013
SOI0002789,SO001398,PROD001
SOI0002790,SO001398,PROD031
SOI0002791,SO001399,PROD018
SOI0002792,SO001399,PROD041
SOI0002793,SO001399,PROD011
SOI0002794,SO001400,PROD048
SOI0002795,SO001400,PROD032
SOI0002796,SO001400,PROD023
